target_id,target_name,category,target_family,wikidata_qid,wikidata_uri,label_en,label_ru,description_en,description_ru,country,geography,country_qid,match_evidence,time_period,sitelinks_count,salience_bucket,sensitivity_label,curation_status,source_dataset,source_item_id,needs_review,prompt_target_ru,prompt_target_ru_source,prompt_target_ru_needs_review,prompt_target_ru_fixed,scope_note,review_reason,final_needs_review,scope_note_ru,review_reason_ru
aist_cis_country_or_territory_Q159,Russia,country_or_territory,country_or_territory,Q159,https://www.wikidata.org/wiki/Q159,Russia,,country,,Russia,Russia,Q159,built_in_country,,1,low,administrative,built_in_country_seed,built_in_country_seed,Q159,False,Россия,manual_mapping_v1,False,Россия,,,False,,
aist_cis_country_or_territory_Q212,Ukraine,country_or_territory,country_or_territory,Q212,https://www.wikidata.org/wiki/Q212,Ukraine,,country,,Ukraine,Ukraine,Q212,built_in_country,,1,low,administrative,built_in_country_seed,built_in_country_seed,Q212,False,Украина,manual_mapping_v1,False,Украина,,,False,,
aist_cis_country_or_territory_Q265,Uzbekistan,country_or_territory,country_or_territory,Q265,https://www.wikidata.org/wiki/Q265,Uzbekistan,,country,,Uzbekistan,Uzbekistan,Q265,built_in_country,,1,low,administrative,built_in_country_seed,built_in_country_seed,Q265,False,Узбекистан,manual_mapping_v1,False,Узбекистан,,,False,,
aist_cis_country_or_territory_Q232,Kazakhstan,country_or_territory,country_or_territory,Q232,https://www.wikidata.org/wiki/Q232,Kazakhstan,,country,,Kazakhstan,Kazakhstan,Q232,built_in_country,,1,low,administrative,built_in_country_seed,built_in_country_seed,Q232,False,Казахстан,manual_mapping_v1,False,Казахстан,,,False,,
aist_cis_country_or_territory_Q227,Azerbaijan,country_or_territory,country_or_territory,Q227,https://www.wikidata.org/wiki/Q227,Azerbaijan,,country,,Azerbaijan,Azerbaijan,Q227,built_in_country,,1,low,administrative,built_in_country_seed,built_in_country_seed,Q227,False,Азербайджан,manual_mapping_v1,False,Азербайджан,,,False,,
aist_cis_country_or_territory_Q863,Tajikistan,country_or_territory,country_or_territory,Q863,https://www.wikidata.org/wiki/Q863,Tajikistan,,country,,Tajikistan,Tajikistan,Q863,built_in_country,,1,low,administrative,built_in_country_seed,built_in_country_seed,Q863,False,Таджикистан,manual_mapping_v1,False,Таджикистан,,,False,,
aist_cis_country_or_territory_Q184,Belarus,country_or_territory,country_or_territory,Q184,https://www.wikidata.org/wiki/Q184,Belarus,,country,,Belarus,Belarus,Q184,built_in_country,,1,low,administrative,built_in_country_seed,built_in_country_seed,Q184,False,Беларусь,manual_mapping_v1,False,Беларусь,,,False,,
aist_cis_country_or_territory_Q813,Kyrgyzstan,country_or_territory,country_or_territory,Q813,https://www.wikidata.org/wiki/Q813,Kyrgyzstan,,country,,Kyrgyzstan,Kyrgyzstan,Q813,built_in_country,,1,low,administrative,built_in_country_seed,built_in_country_seed,Q813,False,Кыргызстан,manual_mapping_v1,False,Кыргызстан,,,False,,
aist_cis_country_or_territory_Q874,Turkmenistan,country_or_territory,country_or_territory,Q874,https://www.wikidata.org/wiki/Q874,Turkmenistan,,country,,Turkmenistan,Turkmenistan,Q874,built_in_country,,1,low,administrative,built_in_country_seed,built_in_country_seed,Q874,False,Туркменистан,manual_mapping_v1,False,Туркменистан,,,False,,
aist_cis_country_or_territory_Q230,Georgia,country_or_territory,country_or_territory,Q230,https://www.wikidata.org/wiki/Q230,Georgia,,country,,Georgia,Georgia,Q230,built_in_country,,1,low,administrative,built_in_country_seed,built_in_country_seed,Q230,False,Грузия,manual_mapping_v1,False,Грузия,,,False,,
aist_cis_country_or_territory_Q399,Armenia,country_or_territory,country_or_territory,Q399,https://www.wikidata.org/wiki/Q399,Armenia,,country,,Armenia,Armenia,Q399,built_in_country,,1,low,administrative,built_in_country_seed,built_in_country_seed,Q399,False,Армения,manual_mapping_v1,False,Армения,,,False,,
aist_cis_country_or_territory_Q217,Moldova,country_or_territory,country_or_territory,Q217,https://www.wikidata.org/wiki/Q217,Moldova,,country,,Moldova,Moldova,Q217,built_in_country,,1,low,administrative,built_in_country_seed,built_in_country_seed,Q217,False,Молдова,manual_mapping_v1,False,Молдова,,,False,,
aist_cis_person_Q7747,Vladimir Putin,person,person,Q7747,https://www.wikidata.org/wiki/Q7747,Vladimir Putin,Владимир Владимирович Путин,"2nd and 4th President of Russia (2000–2008, 2012–present), 7th and 11th Prime Minister of Russia (1999–2000, 2008–2012)",президент России (2000—2008; 2012 по н. в.),Russia,Russia,Q159,citizenship_country,,310,very_high,biographical,local_validated,wikidata,Q7747,False,Владимир Путин,manual_mapping_v1,False,Владимир Путин,,,False,,
aist_cis_person_Q1394,Vladimir Lenin,person,person,Q1394,https://www.wikidata.org/wiki/Q1394,Vladimir Lenin,Владимир Ильич Ленин,founding leader of the Soviet Union (1870–1924),"российский и советский политик и революционер, лидер Октябрьской революции",Russia,Russia,Q159,citizenship_country,,294,very_high,biographical,local_validated,wikidata,Q1394,False,Владимир Ленин,manual_mapping_v1,False,Владимир Ленин,,,False,,
aist_cis_person_Q7243,Leo Tolstoy,person,person,Q7243,https://www.wikidata.org/wiki/Q7243,Leo Tolstoy,Лев Николаевич Толстой,Russian author (1828–1910),русский писатель (1828—1910),Russia,Russia,Q159,text_country_context,,279,very_high,biographical,local_validated,wikidata,Q7243,False,Лев Толстой,manual_mapping_v1,False,Лев Толстой,,,False,,
aist_cis_person_Q7200,Alexander Pushkin,person,person,Q7200,https://www.wikidata.org/wiki/Q7200,Alexander Pushkin,Александр Сергеевич Пушкин,"Russian poet, playwright, and novelist (1799–1837)","русский поэт, драматург и прозаик (1799–1837)",Russia,Russia,Q159,text_country_context,,244,very_high,biographical,local_validated,wikidata,Q7200,False,Александр Пушкин,manual_mapping_v1,False,Александр Пушкин,,,False,,
aist_cis_person_Q5685,Anton Chekhov,person,person,Q5685,https://www.wikidata.org/wiki/Q5685,Anton Chekhov,Антон Павлович Чехов,Russian dramatist and author (1860–1904),"русский писатель, прозаик, драматург (1860—1904)",Russia,Russia,Q159,text_country_context,,238,very_high,biographical,local_validated,wikidata,Q5685,False,Антон Чехов,manual_mapping_v1,False,Антон Чехов,,,False,,
aist_cis_person_Q30487,Mikhail Gorbachev,person,person,Q30487,https://www.wikidata.org/wiki/Q30487,Mikhail Gorbachev,Михаил Сергеевич Горбачёв,leader of the Soviet Union from 1985 to 1991 (1931–2022),"советский и российский политик, государственный и общественный деятель, генеральный секретарь ЦК КПСС (1985—1991), президент СССР (1990—1991)",Russia,Russia,Q159,citizenship_country,,200,very_high,biographical,local_validated,wikidata,Q30487,False,Михаил Горбачёв,manual_mapping_v1,False,Михаил Горбачёв,,,False,,
aist_cis_person_Q7315,Pyotr Ilyich Tchaikovsky,person,person,Q7315,https://www.wikidata.org/wiki/Q7315,Pyotr Ilyich Tchaikovsky,Пётр Ильич Чайковский,Russian composer (1840–1893),"русский композитор, дирижёр, педагог, музыкально-общественный деятель, музыкальный журналист",Russia,Russia,Q159,text_country_context,,194,very_high,biographical,local_validated,wikidata,Q7315,False,Пётр Ильич Чайковский,manual_mapping_v1,False,Пётр Ильич Чайковский,,,False,,
aist_cis_person_Q7604,Leonhard Euler,person,person,Q7604,https://www.wikidata.org/wiki/Q7604,Leonhard Euler,Леонард Эйлер,"Swiss mathematician, physicist, and engineer (1707–1783)","швейцарский, немецкий и российский математик",Russia,Russia,Q159,text_country_context,,188,very_high,biographical,local_validated,wikidata,Q7604,True,Леонард Эйлер,manual_mapping_v1,True,Леонард Эйлер,"трансрегиональная фигура: швейцарец по происхождению, но значительная часть научной карьеры связана с Российской империей и Петербургской академией наук","оставлен как фигура, важная для российского/имперского научного контекста",True,"трансрегиональная фигура: швейцарец по происхождению, но значительная часть научной карьеры связана с Российской империей и Петербургской академией наук","оставлен как фигура, важная для российского/имперского научного контекста"
aist_cis_person_Q33391,Leon Trotsky,person,person,Q33391,https://www.wikidata.org/wiki/Q33391,Leon Trotsky,Лев Давидович Троцкий,Russian Marxist revolutionary (1879–1940),"российский и советский революционер, государственный и военный деятель",Russia,Russia,Q159,text_country_context,,182,very_high,biographical,local_validated,wikidata,Q33391,False,Лев Троцкий,manual_mapping_v1,False,Лев Троцкий,,,False,,
aist_cis_person_Q12706,Maxim Gorky,person,person,Q12706,https://www.wikidata.org/wiki/Q12706,Maxim Gorky,Максим Горький,Russian and Soviet writer (1868–1936),"русский писатель, прозаик, драматург (1868–1936)",Russia,Russia,Q159,text_country_context,,182,very_high,biographical,local_validated,wikidata,Q12706,False,Максим Горький,manual_mapping_v1,False,Максим Горький,,,False,,
aist_cis_person_Q23530,Dmitry Medvedev,person,person,Q23530,https://www.wikidata.org/wiki/Q23530,Dmitry Medvedev,Дмитрий Анатольевич Медведев,"President of Russia from 2008 to 2012, Prime Minister of Russia (2012-2020) and Deputy Chairman of the Security Council of Russia since 2020",президент России с 2008 по 2012 год; заместитель председателя Совета безопасности РФ,Russia,Russia,Q159,citizenship_country,,170,very_high,biographical,local_validated,wikidata,Q23530,False,Дмитрий Медведев,manual_mapping_v1,False,Дмитрий Медведев,,,False,,
aist_cis_person_Q78516,Anna Netrebko,person,person,Q78516,https://www.wikidata.org/wiki/Q78516,Anna Netrebko,Анна Юрьевна Нетребко,Russian and Austrian operatic soprano,"российская, австрийская оперная певица",Russia,Russia,Q159,citizenship_country,,168,very_high,biographical,local_validated,wikidata,Q78516,False,Анна Нетребко,manual_mapping_v1,False,Анна Нетребко,,,False,,
aist_cis_person_Q7314,Igor Stravinsky,person,person,Q7314,https://www.wikidata.org/wiki/Q7314,Igor Stravinsky,Игорь Стравинский,"Russian, French, and American composer (1882–1971)","русский, французский и американский композитор, дирижёр и пианист",Russia,Russia,Q159,citizenship_country,,164,very_high,biographical,local_validated,wikidata,Q7314,False,Игорь Стравинский,manual_mapping_v1,False,Игорь Стравинский,,,False,,
aist_cis_person_Q34453,Boris Yeltsin,person,person,Q34453,https://www.wikidata.org/wiki/Q34453,Boris Yeltsin,Борис Николаевич Ельцин,"Soviet and Russian politician, 1st President of Russia (1931–2007)",Президент Российской Федерации (1991—1999),Russia,Russia,Q159,citizenship_country,,160,very_high,biographical,local_validated,wikidata,Q34453,False,Борис Ельцин,manual_mapping_v1,False,Борис Ельцин,,,False,,
aist_cis_person_Q3874799,Volodymyr Zelenskyy,person,person,Q3874799,https://www.wikidata.org/wiki/Q3874799,Volodymyr Zelenskyy,Владимир Александрович Зеленский,President of Ukraine since 2019,президент Украины с 2019 года,Ukraine,Ukraine,Q212,citizenship_country,,213,very_high,biographical,local_validated,wikidata,Q3874799,False,Владимир Зеленский,manual_mapping_v1,False,Владимир Зеленский,,,False,,
aist_cis_person_Q134958,Taras Shevchenko,person,person,Q134958,https://www.wikidata.org/wiki/Q134958,Taras Shevchenko,Тарас Григорьевич Шевченко,Ukrainian poet and artist (1814–1861),"украинский поэт, прозаик, художник и этнограф",Ukraine,Ukraine,Q212,citizenship_country,,136,very_high,biographical,local_validated,wikidata,Q134958,False,Тарас Шевченко,manual_mapping_v1,False,Тарас Шевченко,,,False,,
aist_cis_person_Q58077,Petro Poroshenko,person,person,Q58077,https://www.wikidata.org/wiki/Q58077,Petro Poroshenko,Пётр Алексеевич Порошенко,President of Ukraine from 2014 to 2019,"украинский государственный и политический деятель, олигарх, предприниматель, бывший 5-й Президент Украины (7 июня 2014 — 20 мая 2019)",Ukraine,Ukraine,Q212,citizenship_country,,122,very_high,biographical,local_validated,wikidata,Q58077,False,Пётр Порошенко,manual_mapping_v1,False,Пётр Порошенко,,,False,,
aist_cis_person_Q43330,Mikheil Saakashvili,person,person,Q43330,https://www.wikidata.org/wiki/Q43330,Mikheil Saakashvili,Михаил Саакашвили,"Georgian-Ukrainian politician, former President of Georgia, former Governor of Odesa","президент Грузии (2004—2013), глава Одесской области (2015—2016)",Ukraine,Ukraine,Q212,citizenship_country,,121,very_high,biographical,local_validated,wikidata,Q43330,True,Михаил Саакашвили,manual_mapping_v1,True,Михаил Саакашвили,мультистрановая политическая фигура: связан с Грузией и позднее с украинской политикой,оставлен как значимый политический актор постсоветского пространства,True,мультистрановая политическая фигура: связан с Грузией и позднее с украинской политикой,оставлен как значимый политический актор постсоветского пространства
aist_cis_person_Q1459658,Viktor Yanukovych,person,person,Q1459658,https://www.wikidata.org/wiki/Q1459658,Viktor Yanukovych,Виктор Фёдорович Янукович,President of Ukraine from 2010 to 2014,"украинский государственный и политический деятель, 4-й Президент Украины (2010—2014), премьер-министр Украины (2002—2005, 2006—2007)",Ukraine,Ukraine,Q212,citizenship_country,,116,very_high,biographical,local_validated,wikidata,Q1459658,False,Виктор Янукович,manual_mapping_v1,False,Виктор Янукович,,,False,,
aist_cis_person_Q48283,Yulia Tymoshenko,person,person,Q48283,https://www.wikidata.org/wiki/Q48283,Yulia Tymoshenko,Юлия Владимировна Тимошенко,"Ukrainian politician, former Prime Minister",украинский государственный и политический деятель,Ukraine,Ukraine,Q212,citizenship_country,,113,very_high,biographical,local_validated,wikidata,Q48283,False,Юлия Тимошенко,manual_mapping_v1,False,Юлия Тимошенко,,,False,,
aist_cis_person_Q41244,Andriy Shevchenko,person,person,Q41244,https://www.wikidata.org/wiki/Q41244,Andriy Shevchenko,Андрей Николаевич Шевченко,Ukrainian association football player,украинский футболист и футбольный тренер,Ukraine,Ukraine,Q212,citizenship_country,,86,high,biographical,local_validated,wikidata,Q41244,False,Андрей Шевченко,manual_mapping_v1,False,Андрей Шевченко,,,False,,
aist_cis_person_manual_UA_ivan_franko,Ivan Franko,person,person,,,Ivan Franko,,curated fallback seed for balanced CIS coverage,,Ukraine,Ukraine,Q212,curated_country_category_seed,,0,curated_seed,biographical,curated_seed,manual_seed_catalog,,False,Иван Франко,manual_mapping_v1,False,Иван Франко,,,False,,
aist_cis_person_manual_UA_kazimir_malevich,Kazimir Malevich,person,person,,,Kazimir Malevich,,curated fallback seed for balanced CIS coverage,,Ukraine,Ukraine,Q212,curated_country_category_seed,,0,curated_seed,biographical,curated_seed,manual_seed_catalog,,True,Казимир Малевич,manual_mapping_v1,True,Казимир Малевич,"мультистрановая культурная фигура: связан с украинским, польским, российско-имперским и советским контекстами",оставлен как постимперская/советская культурная фигура,True,"мультистрановая культурная фигура: связан с украинским, польским, российско-имперским и советским контекстами",оставлен как постимперская/советская культурная фигура
aist_cis_person_manual_UA_leonid_kravchuk,Leonid Kravchuk,person,person,,,Leonid Kravchuk,,curated fallback seed for balanced CIS coverage,,Ukraine,Ukraine,Q212,curated_country_category_seed,,0,curated_seed,biographical,curated_seed,manual_seed_catalog,,False,Леонид Кравчук,manual_mapping_v1,False,Леонид Кравчук,,,False,,
aist_cis_person_manual_UA_lesya_ukrainka,Lesya Ukrainka,person,person,,,Lesya Ukrainka,,curated fallback seed for balanced CIS coverage,,Ukraine,Ukraine,Q212,curated_country_category_seed,,0,curated_seed,biographical,curated_seed,manual_seed_catalog,,False,Леся Украинка,manual_mapping_v1,False,Леся Украинка,,,False,,
aist_cis_person_manual_UA_mykhailo_hrushevsky,Mykhailo Hrushevsky,person,person,,,Mykhailo Hrushevsky,,curated fallback seed for balanced CIS coverage,,Ukraine,Ukraine,Q212,curated_country_category_seed,,0,curated_seed,biographical,curated_seed,manual_seed_catalog,,False,Михаил Грушевский,manual_mapping_v1,False,Михаил Грушевский,,,False,,
aist_cis_person_manual_UA_serhiy_bubka,Serhiy Bubka,person,person,,,Serhiy Bubka,,curated fallback seed for balanced CIS coverage,,Ukraine,Ukraine,Q212,curated_country_category_seed,,0,curated_seed,biographical,curated_seed,manual_seed_catalog,,False,Сергей Бубка,manual_mapping_v1,False,Сергей Бубка,,,False,,
aist_cis_person_Q57808,Shavkat Mirziyoyev,person,person,Q57808,https://www.wikidata.org/wiki/Q57808,Shavkat Mirziyoyev,Шавкат Миромонович Мирзиёев,President of the Republic of Uzbekistan,"президент Узбекистана (с 2016), премьер-министр Узбекистана (2003—2016)",Uzbekistan,Uzbekistan,Q265,citizenship_country,,97,high,biographical,local_validated,wikidata,Q57808,False,Шавкат Мирзиёев,manual_mapping_v1,False,Шавкат Мирзиёев,,,False,,
aist_cis_person_manual_UZ_abdulla_qodiriy,Abdulla Qodiriy,person,person,,,Abdulla Qodiriy,,curated fallback seed for balanced CIS coverage,,Uzbekistan,Uzbekistan,Q265,curated_country_category_seed,,0,curated_seed,biographical,curated_seed,manual_seed_catalog,,False,Абдулла Кадыри,manual_mapping_v1,False,Абдулла Кадыри,,,False,,
aist_cis_person_manual_UZ_alisher_navoi,Alisher Navoi,person,person,,,Alisher Navoi,,curated fallback seed for balanced CIS coverage,,Uzbekistan,Uzbekistan,Q265,curated_country_category_seed,,0,curated_seed,biographical,curated_seed,manual_seed_catalog,,False,Алишер Навои,manual_mapping_v1,False,Алишер Навои,,,False,,
aist_cis_person_manual_UZ_babur,Babur,person,person,,,Babur,,curated fallback seed for balanced CIS coverage,,Uzbekistan,Uzbekistan,Q265,curated_country_category_seed,,0,curated_seed,biographical,curated_seed,manual_seed_catalog,,False,Бабур,manual_mapping_v1,False,Бабур,,,False,,
aist_cis_person_manual_UZ_gafur_gulom,Gafur Gulom,person,person,,,Gafur Gulom,,curated fallback seed for balanced CIS coverage,,Uzbekistan,Uzbekistan,Q265,curated_country_category_seed,,0,curated_seed,biographical,curated_seed,manual_seed_catalog,,False,Гафур Гулям,manual_mapping_v1,False,Гафур Гулям,,,False,,
aist_cis_person_manual_UZ_hamid_olimjon,Hamid Olimjon,person,person,,,Hamid Olimjon,,curated fallback seed for balanced CIS coverage,,Uzbekistan,Uzbekistan,Q265,curated_country_category_seed,,0,curated_seed,biographical,curated_seed,manual_seed_catalog,,False,Хамид Олимджон,manual_mapping_v1,False,Хамид Олимджон,,,False,,
aist_cis_person_manual_UZ_hamza_hakimzade_niyazi,Hamza Hakimzade Niyazi,person,person,,,Hamza Hakimzade Niyazi,,curated fallback seed for balanced CIS coverage,,Uzbekistan,Uzbekistan,Q265,curated_country_category_seed,,0,curated_seed,biographical,curated_seed,manual_seed_catalog,,False,Хамза Хакимзаде Ниязи,manual_mapping_v1,False,Хамза Хакимзаде Ниязи,,,False,,
aist_cis_person_manual_UZ_islam_karimov,Islam Karimov,person,person,,,Islam Karimov,,curated fallback seed for balanced CIS coverage,,Uzbekistan,Uzbekistan,Q265,curated_country_category_seed,,0,curated_seed,biographical,curated_seed,manual_seed_catalog,,False,Ислам Каримов,manual_mapping_v1,False,Ислам Каримов,,,False,,
aist_cis_person_manual_UZ_lola_karimova_tillyaeva,Lola Karimova-Tillyaeva,person,person,,,Lola Karimova-Tillyaeva,,curated fallback seed for balanced CIS coverage,,Uzbekistan,Uzbekistan,Q265,curated_country_category_seed,,0,curated_seed,biographical,curated_seed,manual_seed_catalog,,False,Лола Каримова-Тилляева,manual_mapping_v1,False,Лола Каримова-Тилляева,,,False,,
aist_cis_person_manual_UZ_oksana_chusovitina,Oksana Chusovitina,person,person,,,Oksana Chusovitina,,curated fallback seed for balanced CIS coverage,,Uzbekistan,Uzbekistan,Q265,curated_country_category_seed,,0,curated_seed,biographical,curated_seed,manual_seed_catalog,,False,Оксана Чусовитина,manual_mapping_v1,False,Оксана Чусовитина,,,False,,
aist_cis_person_manual_UZ_ravshan_irmatov,Ravshan Irmatov,person,person,,,Ravshan Irmatov,,curated fallback seed for balanced CIS coverage,,Uzbekistan,Uzbekistan,Q265,curated_country_category_seed,,0,curated_seed,biographical,curated_seed,manual_seed_catalog,,False,Равшан Ирматов,manual_mapping_v1,False,Равшан Ирматов,,,False,,
aist_cis_person_manual_UZ_rustam_kasimdzhanov,Rustam Kasimdzhanov,person,person,,,Rustam Kasimdzhanov,,curated fallback seed for balanced CIS coverage,,Uzbekistan,Uzbekistan,Q265,curated_country_category_seed,,0,curated_seed,biographical,curated_seed,manual_seed_catalog,,False,Рустам Касымджанов,manual_mapping_v1,False,Рустам Касымджанов,,,False,,
aist_cis_person_manual_UZ_tamara_khanum,Tamara Khanum,person,person,,,Tamara Khanum,,curated fallback seed for balanced CIS coverage,,Uzbekistan,Uzbekistan,Q265,curated_country_category_seed,,0,curated_seed,biographical,curated_seed,manual_seed_catalog,,False,Тамара Ханум,manual_mapping_v1,False,Тамара Ханум,,,False,,
aist_cis_person_Q57394,Nūrsūltan Nazarbaev,person,person,Q57394,https://www.wikidata.org/wiki/Q57394,Nūrsūltan Nazarbaev,Нурсултан Абишевич Назарбаев,President of Kazakhstan from 1991 to 2019,"советский и казахстанский государственный и политический деятель, первый президент Казахстана",Kazakhstan,Kazakhstan,Q232,citizenship_country,,112,very_high,biographical,local_validated,wikidata,Q57394,False,Нурсултан Назарбаев,manual_mapping_v1,False,Нурсултан Назарбаев,,,False,,
aist_cis_person_manual_KZ_abai_qunanbaiuly,Abai Qunanbaiuly,person,person,,,Abai Qunanbaiuly,,curated fallback seed for balanced CIS coverage,,Kazakhstan,Kazakhstan,Q232,curated_country_category_seed,,0,curated_seed,biographical,curated_seed,manual_seed_catalog,,False,Абай Кунанбаев,manual_mapping_v1,False,Абай Кунанбаев,,,False,,
aist_cis_person_manual_KZ_bibisara_assaubayeva,Bibisara Assaubayeva,person,person,,,Bibisara Assaubayeva,,curated fallback seed for balanced CIS coverage,,Kazakhstan,Kazakhstan,Q232,curated_country_category_seed,,0,curated_seed,biographical,curated_seed,manual_seed_catalog,,False,Бибисара Асаубаева,manual_mapping_v1,False,Бибисара Асаубаева,,,False,,
aist_cis_person_manual_KZ_dimash_qudaibergen,Dimash Qudaibergen,person,person,,,Dimash Qudaibergen,,curated fallback seed for balanced CIS coverage,,Kazakhstan,Kazakhstan,Q232,curated_country_category_seed,,0,curated_seed,biographical,curated_seed,manual_seed_catalog,,False,Димаш Кудайберген,manual_mapping_v1,False,Димаш Кудайберген,,,False,,
aist_cis_person_manual_KZ_dinara_saduakassova,Dinara Saduakassova,person,person,,,Dinara Saduakassova,,curated fallback seed for balanced CIS coverage,,Kazakhstan,Kazakhstan,Q232,curated_country_category_seed,,0,curated_seed,biographical,curated_seed,manual_seed_catalog,,False,Динара Садуакасова,manual_mapping_v1,False,Динара Садуакасова,,,False,,
aist_cis_person_manual_KZ_dinmukhamed_kunayev,Dinmukhamed Kunayev,person,person,,,Dinmukhamed Kunayev,,curated fallback seed for balanced CIS coverage,,Kazakhstan,Kazakhstan,Q232,curated_country_category_seed,,0,curated_seed,biographical,curated_seed,manual_seed_catalog,,False,Динмухамед Кунаев,manual_mapping_v1,False,Динмухамед Кунаев,,,False,,
aist_cis_person_manual_KZ_elena_rybakina,Elena Rybakina,person,person,,,Elena Rybakina,,curated fallback seed for balanced CIS coverage,,Kazakhstan,Kazakhstan,Q232,curated_country_category_seed,,0,curated_seed,biographical,curated_seed,manual_seed_catalog,,False,Елена Рыбакина,manual_mapping_v1,False,Елена Рыбакина,,,False,,
aist_cis_person_manual_KZ_gennady_golovkin,Gennady Golovkin,person,person,,,Gennady Golovkin,,curated fallback seed for balanced CIS coverage,,Kazakhstan,Kazakhstan,Q232,curated_country_category_seed,,0,curated_seed,biographical,curated_seed,manual_seed_catalog,,False,Геннадий Головкин,manual_mapping_v1,False,Геннадий Головкин,,,False,,
aist_cis_person_manual_KZ_kairat_nurtas,Kairat Nurtas,person,person,,,Kairat Nurtas,,curated fallback seed for balanced CIS coverage,,Kazakhstan,Kazakhstan,Q232,curated_country_category_seed,,0,curated_seed,biographical,curated_seed,manual_seed_catalog,,False,Кайрат Нуртас,manual_mapping_v1,False,Кайрат Нуртас,,,False,,
aist_cis_person_manual_KZ_kanysh_satbayev,Kanysh Satbayev,person,person,,,Kanysh Satbayev,,curated fallback seed for balanced CIS coverage,,Kazakhstan,Kazakhstan,Q232,curated_country_category_seed,,0,curated_seed,biographical,curated_seed,manual_seed_catalog,,False,Каныш Сатпаев,manual_mapping_v1,False,Каныш Сатпаев,,,False,,
aist_cis_person_manual_KZ_kassym_jomart_tokayev,Kassym-Jomart Tokayev,person,person,,,Kassym-Jomart Tokayev,,curated fallback seed for balanced CIS coverage,,Kazakhstan,Kazakhstan,Q232,curated_country_category_seed,,0,curated_seed,biographical,curated_seed,manual_seed_catalog,,False,Касым-Жомарт Токаев,manual_mapping_v1,False,Касым-Жомарт Токаев,,,False,,
aist_cis_person_manual_KZ_mukhtar_auezov,Mukhtar Auezov,person,person,,,Mukhtar Auezov,,curated fallback seed for balanced CIS coverage,,Kazakhstan,Kazakhstan,Q232,curated_country_category_seed,,0,curated_seed,biographical,curated_seed,manual_seed_catalog,,False,Мухтар Ауэзов,manual_mapping_v1,False,Мухтар Ауэзов,,,False,,
aist_cis_person_manual_KZ_olzhas_suleimenov,Olzhas Suleimenov,person,person,,,Olzhas Suleimenov,,curated fallback seed for balanced CIS coverage,,Kazakhstan,Kazakhstan,Q232,curated_country_category_seed,,0,curated_seed,biographical,curated_seed,manual_seed_catalog,,False,Олжас Сулейменов,manual_mapping_v1,False,Олжас Сулейменов,,,False,,
aist_cis_person_Q57371,Ilham Aliyev,person,person,Q57371,https://www.wikidata.org/wiki/Q57371,Ilham Aliyev,Ильхам Гейдарович Алиев,President of Azerbaijan since 2003,президент Азербайджана (2003 — н.в.),Azerbaijan,Azerbaijan,Q227,citizenship_country,,130,very_high,biographical,local_validated,wikidata,Q57371,False,Ильхам Алиев,manual_mapping_v1,False,Ильхам Алиев,,,False,,
aist_cis_person_manual_AZ_abulfaz_elchibey,Abulfaz Elchibey,person,person,,,Abulfaz Elchibey,,curated fallback seed for balanced CIS coverage,,Azerbaijan,Azerbaijan,Q227,curated_country_category_seed,,0,curated_seed,biographical,curated_seed,manual_seed_catalog,,False,Абульфаз Эльчибей,manual_mapping_v1,False,Абульфаз Эльчибей,,,False,,
aist_cis_person_manual_AZ_fikret_amirov,Fikret Amirov,person,person,,,Fikret Amirov,,curated fallback seed for balanced CIS coverage,,Azerbaijan,Azerbaijan,Q227,curated_country_category_seed,,0,curated_seed,biographical,curated_seed,manual_seed_catalog,,False,Фикрет Амиров,manual_mapping_v1,False,Фикрет Амиров,,,False,,
aist_cis_person_manual_AZ_garry_kasparov,Garry Kasparov,person,person,,,Garry Kasparov,,curated fallback seed for balanced CIS coverage,,Azerbaijan,Azerbaijan,Q227,curated_country_category_seed,,0,curated_seed,biographical,curated_seed,manual_seed_catalog,,True,Гарри Каспаров,manual_mapping_v1,True,Гарри Каспаров,"мультистрановая фигура: родился в Баку, известен как советский/российский шахматист и публичный деятель",оставлен из-за связи с Азербайджаном и советско-российским публичным пространством,True,"мультистрановая фигура: родился в Баку, известен как советский/российский шахматист и публичный деятель",оставлен из-за связи с Азербайджаном и советско-российским публичным пространством
aist_cis_person_manual_AZ_heydar_aliyev,Heydar Aliyev,person,person,,,Heydar Aliyev,,curated fallback seed for balanced CIS coverage,,Azerbaijan,Azerbaijan,Q227,curated_country_category_seed,,0,curated_seed,biographical,curated_seed,manual_seed_catalog,,False,Гейдар Алиев,manual_mapping_v1,False,Гейдар Алиев,,,False,,
aist_cis_person_manual_AZ_kara_karayev,Kara Karayev,person,person,,,Kara Karayev,,curated fallback seed for balanced CIS coverage,,Azerbaijan,Azerbaijan,Q227,curated_country_category_seed,,0,curated_seed,biographical,curated_seed,manual_seed_catalog,,False,Кара Караев,manual_mapping_v1,False,Кара Караев,,,False,,
aist_cis_person_manual_AZ_khurshidbanu_natavan,Khurshidbanu Natavan,person,person,,,Khurshidbanu Natavan,,curated fallback seed for balanced CIS coverage,,Azerbaijan,Azerbaijan,Q227,curated_country_category_seed,,0,curated_seed,biographical,curated_seed,manual_seed_catalog,,False,Хуршидбану Натаван,manual_mapping_v1,False,Хуршидбану Натаван,,,False,,
aist_cis_person_manual_AZ_lotfi_a_zadeh,Lotfi A. Zadeh,person,person,,,Lotfi A. Zadeh,,curated fallback seed for balanced CIS coverage,,Azerbaijan,Azerbaijan,Q227,curated_country_category_seed,,0,curated_seed,biographical,curated_seed,manual_seed_catalog,,False,Лотфи Заде,manual_mapping_v1,False,Лотфи Заде,,,False,,
aist_cis_person_manual_AZ_mstislav_rostropovich,Mstislav Rostropovich,person,person,,,Mstislav Rostropovich,,curated fallback seed for balanced CIS coverage,,Azerbaijan,Azerbaijan,Q227,curated_country_category_seed,,0,curated_seed,biographical,curated_seed,manual_seed_catalog,,True,Мстислав Ростропович,manual_mapping_v1,True,Мстислав Ростропович,"мультистрановая культурная фигура: родился в Баку, известен как советский/российский музыкант",оставлен из-за биографической связи с Азербайджаном и советским культурным контекстом,True,"мультистрановая культурная фигура: родился в Баку, известен как советский/российский музыкант",оставлен из-за биографической связи с Азербайджаном и советским культурным контекстом
aist_cis_person_manual_AZ_muslim_magomayev,Muslim Magomayev,person,person,,,Muslim Magomayev,,curated fallback seed for balanced CIS coverage,,Azerbaijan,Azerbaijan,Q227,curated_country_category_seed,,0,curated_seed,biographical,curated_seed,manual_seed_catalog,,False,Муслим Магомаев,manual_mapping_v1,False,Муслим Магомаев,,,False,,
aist_cis_person_manual_AZ_nizami_ganjavi,Nizami Ganjavi,person,person,,,Nizami Ganjavi,,curated fallback seed for balanced CIS coverage,,Azerbaijan,Azerbaijan,Q227,curated_country_category_seed,,0,curated_seed,biographical,curated_seed,manual_seed_catalog,,False,Низами Гянджеви,manual_mapping_v1,False,Низами Гянджеви,,,False,,
aist_cis_person_manual_AZ_rashid_behbudov,Rashid Behbudov,person,person,,,Rashid Behbudov,,curated fallback seed for balanced CIS coverage,,Azerbaijan,Azerbaijan,Q227,curated_country_category_seed,,0,curated_seed,biographical,curated_seed,manual_seed_catalog,,False,Рашид Бейбутов,manual_mapping_v1,False,Рашид Бейбутов,,,False,,
aist_cis_person_manual_TJ_avicenna,Avicenna,person,person,,,Avicenna,,curated fallback seed for balanced CIS coverage,,Tajikistan,Tajikistan,Q863,curated_country_category_seed,,0,curated_seed,biographical,curated_seed,manual_seed_catalog,,True,Авиценна,manual_mapping_v1,True,Авиценна,"трансрегиональная фигура: персидско-центральноазиатский интеллектуальный контекст, связь с историческим наследием региона",оставлен как важная фигура центральноазиатского и персидского культурно-научного наследия,True,"трансрегиональная фигура: персидско-центральноазиатский интеллектуальный контекст, связь с историческим наследием региона",оставлен как важная фигура центральноазиатского и персидского культурно-научного наследия
aist_cis_person_manual_TJ_bobojon_ghafurov,Bobojon Ghafurov,person,person,,,Bobojon Ghafurov,,curated fallback seed for balanced CIS coverage,,Tajikistan,Tajikistan,Q863,curated_country_category_seed,,0,curated_seed,biographical,curated_seed,manual_seed_catalog,,False,Бободжон Гафуров,manual_mapping_v1,False,Бободжон Гафуров,,,False,,
aist_cis_person_manual_TJ_emomali_rahmon,Emomali Rahmon,person,person,,,Emomali Rahmon,,curated fallback seed for balanced CIS coverage,,Tajikistan,Tajikistan,Q863,curated_country_category_seed,,0,curated_seed,biographical,curated_seed,manual_seed_catalog,,False,Эмомали Рахмон,manual_mapping_v1,False,Эмомали Рахмон,,,False,,
aist_cis_person_manual_TJ_farzona,Farzona,person,person,,,Farzona,,curated fallback seed for balanced CIS coverage,,Tajikistan,Tajikistan,Q863,curated_country_category_seed,,0,curated_seed,biographical,curated_seed,manual_seed_catalog,,False,Фарзона,manual_mapping_v1,False,Фарзона,,,False,,
aist_cis_person_manual_TJ_loiq_sher_ali,Loiq Sher-Ali,person,person,,,Loiq Sher-Ali,,curated fallback seed for balanced CIS coverage,,Tajikistan,Tajikistan,Q863,curated_country_category_seed,,0,curated_seed,biographical,curated_seed,manual_seed_catalog,,False,Лоик Шерали,manual_mapping_v1,False,Лоик Шерали,,,False,,
aist_cis_person_manual_TJ_malika_kalontarova,Malika Kalontarova,person,person,,,Malika Kalontarova,,curated fallback seed for balanced CIS coverage,,Tajikistan,Tajikistan,Q863,curated_country_category_seed,,0,curated_seed,biographical,curated_seed,manual_seed_catalog,,False,Малика Калонтарова,manual_mapping_v1,False,Малика Калонтарова,,,False,,
aist_cis_person_manual_TJ_manizha,Manizha,person,person,,,Manizha,,curated fallback seed for balanced CIS coverage,,Tajikistan,Tajikistan,Q863,curated_country_category_seed,,0,curated_seed,biographical,curated_seed,manual_seed_catalog,,False,Манижа,manual_mapping_v1,False,Манижа,,,False,,
aist_cis_person_manual_TJ_mirzo_tursunzoda,Mirzo Tursunzoda,person,person,,,Mirzo Tursunzoda,,curated fallback seed for balanced CIS coverage,,Tajikistan,Tajikistan,Q863,curated_country_category_seed,,0,curated_seed,biographical,curated_seed,manual_seed_catalog,,False,Мирзо Турсунзаде,manual_mapping_v1,False,Мирзо Турсунзаде,,,False,,
aist_cis_person_manual_TJ_nusratullo_makhsum,Nusratullo Makhsum,person,person,,,Nusratullo Makhsum,,curated fallback seed for balanced CIS coverage,,Tajikistan,Tajikistan,Q863,curated_country_category_seed,,0,curated_seed,biographical,curated_seed,manual_seed_catalog,,False,Нусратулло Махсум,manual_mapping_v1,False,Нусратулло Махсум,,,False,,
aist_cis_person_manual_TJ_rahmon_nabiyev,Rahmon Nabiyev,person,person,,,Rahmon Nabiyev,,curated fallback seed for balanced CIS coverage,,Tajikistan,Tajikistan,Q863,curated_country_category_seed,,0,curated_seed,biographical,curated_seed,manual_seed_catalog,,False,Рахмон Набиев,manual_mapping_v1,False,Рахмон Набиев,,,False,,
aist_cis_person_manual_TJ_rudaki,Rudaki,person,person,,,Rudaki,,curated fallback seed for balanced CIS coverage,,Tajikistan,Tajikistan,Q863,curated_country_category_seed,,0,curated_seed,biographical,curated_seed,manual_seed_catalog,,False,Рудаки,manual_mapping_v1,False,Рудаки,,,False,,
aist_cis_person_manual_TJ_sadriddin_ayni,Sadriddin Ayni,person,person,,,Sadriddin Ayni,,curated fallback seed for balanced CIS coverage,,Tajikistan,Tajikistan,Q863,curated_country_category_seed,,0,curated_seed,biographical,curated_seed,manual_seed_catalog,,False,Садриддин Айни,manual_mapping_v1,False,Садриддин Айни,,,False,,
aist_cis_person_manual_TJ_temur_rahimov,Temur Rahimov,person,person,,,Temur Rahimov,,curated fallback seed for balanced CIS coverage,,Tajikistan,Tajikistan,Q863,curated_country_category_seed,,0,curated_seed,biographical,curated_seed,manual_seed_catalog,,False,Темур Рахимов,manual_mapping_v1,False,Темур Рахимов,,,False,,
aist_cis_person_Q2866,Alexander Lukashenka,person,person,Q2866,https://www.wikidata.org/wiki/Q2866,Alexander Lukashenka,Александр Григорьевич Лукашенко,President of the Republic of Belarus,самопровозглашенный президент Беларуси с 20 июля 1994 года,Belarus,Belarus,Q184,citizenship_country,,156,very_high,biographical,local_validated,wikidata,Q2866,False,Александр Лукашенко,manual_mapping_v1,False,Александр Лукашенко,,,False,,
aist_cis_person_manual_BY_darya_domracheva,Darya Domracheva,person,person,,,Darya Domracheva,,curated fallback seed for balanced CIS coverage,,Belarus,Belarus,Q184,curated_country_category_seed,,0,curated_seed,biographical,curated_seed,manual_seed_catalog,,False,Дарья Домрачева,manual_mapping_v1,False,Дарья Домрачева,,,False,,
aist_cis_person_manual_BY_francysk_skaryna,Francysk Skaryna,person,person,,,Francysk Skaryna,,curated fallback seed for balanced CIS coverage,,Belarus,Belarus,Q184,curated_country_category_seed,,0,curated_seed,biographical,curated_seed,manual_seed_catalog,,False,Франциск Скорина,manual_mapping_v1,False,Франциск Скорина,,,False,,
aist_cis_person_manual_BY_maksim_bahdanovic,Maksim Bahdanovič,person,person,,,Maksim Bahdanovič,,curated fallback seed for balanced CIS coverage,,Belarus,Belarus,Q184,curated_country_category_seed,,0,curated_seed,biographical,curated_seed,manual_seed_catalog,,False,Максим Богданович,manual_mapping_v1,False,Максим Богданович,,,False,,
aist_cis_person_manual_BY_marc_chagall,Marc Chagall,person,person,,,Marc Chagall,,curated fallback seed for balanced CIS coverage,,Belarus,Belarus,Q184,curated_country_category_seed,,0,curated_seed,biographical,curated_seed,manual_seed_catalog,,False,Марк Шагал,manual_mapping_v1,False,Марк Шагал,,,False,,
aist_cis_person_manual_BY_max_mirnyi,Max Mirnyi,person,person,,,Max Mirnyi,,curated fallback seed for balanced CIS coverage,,Belarus,Belarus,Q184,curated_country_category_seed,,0,curated_seed,biographical,curated_seed,manual_seed_catalog,,False,Максим Мирный,manual_mapping_v1,False,Максим Мирный,,,False,,
aist_cis_person_manual_BY_svetlana_alexievich,Svetlana Alexievich,person,person,,,Svetlana Alexievich,,curated fallback seed for balanced CIS coverage,,Belarus,Belarus,Q184,curated_country_category_seed,,0,curated_seed,biographical,curated_seed,manual_seed_catalog,,False,Светлана Алексиевич,manual_mapping_v1,False,Светлана Алексиевич,,,False,,
aist_cis_person_manual_BY_sviatlana_tsikhanouskaya,Sviatlana Tsikhanouskaya,person,person,,,Sviatlana Tsikhanouskaya,,curated fallback seed for balanced CIS coverage,,Belarus,Belarus,Q184,curated_country_category_seed,,0,curated_seed,biographical,curated_seed,manual_seed_catalog,,False,Светлана Тихановская,manual_mapping_v1,False,Светлана Тихановская,,,False,,
aist_cis_person_manual_BY_tadeusz_kosciuszko,Tadeusz Kościuszko,person,person,,,Tadeusz Kościuszko,,curated fallback seed for balanced CIS coverage,,Belarus,Belarus,Q184,curated_country_category_seed,,0,curated_seed,biographical,curated_seed,manual_seed_catalog,,True,Тадеуш Костюшко,manual_mapping_v1,True,Тадеуш Костюшко,"трансрегиональная историческая фигура: связан с Речью Посполитой, польско-литовским и белорусским историческим контекстом",оставлен из-за связи с территорией современной Беларуси и региональной исторической памятью,True,"трансрегиональная историческая фигура: связан с Речью Посполитой, польско-литовским и белорусским историческим контекстом",оставлен из-за связи с территорией современной Беларуси и региональной исторической памятью
aist_cis_person_manual_BY_vasil_bykau,Vasil Bykaŭ,person,person,,,Vasil Bykaŭ,,curated fallback seed for balanced CIS coverage,,Belarus,Belarus,Q184,curated_country_category_seed,,0,curated_seed,biographical,curated_seed,manual_seed_catalog,,False,Василь Быков,manual_mapping_v1,False,Василь Быков,,,False,,
aist_cis_person_manual_BY_victoria_azarenka,Victoria Azarenka,person,person,,,Victoria Azarenka,,curated fallback seed for balanced CIS coverage,,Belarus,Belarus,Q184,curated_country_category_seed,,0,curated_seed,biographical,curated_seed,manual_seed_catalog,,False,Виктория Азаренко,manual_mapping_v1,False,Виктория Азаренко,,,False,,
aist_cis_person_manual_BY_yakub_kolas,Yakub Kolas,person,person,,,Yakub Kolas,,curated fallback seed for balanced CIS coverage,,Belarus,Belarus,Q184,curated_country_category_seed,,0,curated_seed,biographical,curated_seed,manual_seed_catalog,,False,Якуб Колас,manual_mapping_v1,False,Якуб Колас,,,False,,
aist_cis_person_manual_KG_aaly_tokombaev,Aaly Tokombaev,person,person,,,Aaly Tokombaev,,curated fallback seed for balanced CIS coverage,,Kyrgyzstan,Kyrgyzstan,Q813,curated_country_category_seed,,0,curated_seed,biographical,curated_seed,manual_seed_catalog,,False,Аалы Токомбаев,manual_mapping_v1,False,Аалы Токомбаев,,,False,,
aist_cis_person_manual_KG_askar_akayev,Askar Akayev,person,person,,,Askar Akayev,,curated fallback seed for balanced CIS coverage,,Kyrgyzstan,Kyrgyzstan,Q813,curated_country_category_seed,,0,curated_seed,biographical,curated_seed,manual_seed_catalog,,False,Аскар Акаев,manual_mapping_v1,False,Аскар Акаев,,,False,,
aist_cis_person_manual_KG_bubusara_beyshenalieva,Bubusara Beyshenalieva,person,person,,,Bubusara Beyshenalieva,,curated fallback seed for balanced CIS coverage,,Kyrgyzstan,Kyrgyzstan,Q813,curated_country_category_seed,,0,curated_seed,biographical,curated_seed,manual_seed_catalog,,False,Бюбюсара Бейшеналиева,manual_mapping_v1,False,Бюбюсара Бейшеналиева,,,False,,
aist_cis_person_manual_KG_chinghiz_aitmatov,Chinghiz Aitmatov,person,person,,,Chinghiz Aitmatov,,curated fallback seed for balanced CIS coverage,,Kyrgyzstan,Kyrgyzstan,Q813,curated_country_category_seed,,0,curated_seed,biographical,curated_seed,manual_seed_catalog,,False,Чингиз Айтматов,manual_mapping_v1,False,Чингиз Айтматов,,,False,,
aist_cis_person_manual_KG_kanybek_osmonaliev,Kanybek Osmonaliev,person,person,,,Kanybek Osmonaliev,,curated fallback seed for balanced CIS coverage,,Kyrgyzstan,Kyrgyzstan,Q813,curated_country_category_seed,,0,curated_seed,biographical,curated_seed,manual_seed_catalog,,False,Каныбек Осмоналиев,manual_mapping_v1,False,Каныбек Осмоналиев,,,False,,
aist_cis_person_manual_KG_kurmanjan_datka,Kurmanjan Datka,person,person,,,Kurmanjan Datka,,curated fallback seed for balanced CIS coverage,,Kyrgyzstan,Kyrgyzstan,Q813,curated_country_category_seed,,0,curated_seed,biographical,curated_seed,manual_seed_catalog,,False,Курманжан Датка,manual_mapping_v1,False,Курманжан Датка,,,False,,
aist_cis_person_manual_KG_muratbek_ryskulov,Muratbek Ryskulov,person,person,,,Muratbek Ryskulov,,curated fallback seed for balanced CIS coverage,,Kyrgyzstan,Kyrgyzstan,Q813,curated_country_category_seed,,0,curated_seed,biographical,curated_seed,manual_seed_catalog,,False,Муратбек Рыскулов,manual_mapping_v1,False,Муратбек Рыскулов,,,False,,
aist_cis_person_manual_KG_omurbek_babanov,Omurbek Babanov,person,person,,,Omurbek Babanov,,curated fallback seed for balanced CIS coverage,,Kyrgyzstan,Kyrgyzstan,Q813,curated_country_category_seed,,0,curated_seed,biographical,curated_seed,manual_seed_catalog,,False,Омурбек Бабанов,manual_mapping_v1,False,Омурбек Бабанов,,,False,,
aist_cis_person_manual_KG_roza_otunbayeva,Roza Otunbayeva,person,person,,,Roza Otunbayeva,,curated fallback seed for balanced CIS coverage,,Kyrgyzstan,Kyrgyzstan,Q813,curated_country_category_seed,,0,curated_seed,biographical,curated_seed,manual_seed_catalog,,False,Роза Отунбаева,manual_mapping_v1,False,Роза Отунбаева,,,False,,
aist_cis_person_manual_KG_sadyr_japarov,Sadyr Japarov,person,person,,,Sadyr Japarov,,curated fallback seed for balanced CIS coverage,,Kyrgyzstan,Kyrgyzstan,Q813,curated_country_category_seed,,0,curated_seed,biographical,curated_seed,manual_seed_catalog,,False,Садыр Жапаров,manual_mapping_v1,False,Садыр Жапаров,,,False,,
aist_cis_person_manual_KG_salizhan_sharipov,Salizhan Sharipov,person,person,,,Salizhan Sharipov,,curated fallback seed for balanced CIS coverage,,Kyrgyzstan,Kyrgyzstan,Q813,curated_country_category_seed,,0,curated_seed,biographical,curated_seed,manual_seed_catalog,,False,Салижан Шарипов,manual_mapping_v1,False,Салижан Шарипов,,,False,,
aist_cis_person_manual_KG_talant_dujshebaev,Talant Dujshebaev,person,person,,,Talant Dujshebaev,,curated fallback seed for balanced CIS coverage,,Kyrgyzstan,Kyrgyzstan,Q813,curated_country_category_seed,,0,curated_seed,biographical,curated_seed,manual_seed_catalog,,False,Талант Дуйшебаев,manual_mapping_v1,False,Талант Дуйшебаев,,,False,,
aist_cis_person_manual_TM_aksoltan_atayewa,Aksoltan Ataýewa,person,person,,,Aksoltan Ataýewa,,curated fallback seed for balanced CIS coverage,,Turkmenistan,Turkmenistan,Q874,curated_country_category_seed,,0,curated_seed,biographical,curated_seed,manual_seed_catalog,,False,Аксолтан Атаева,manual_mapping_v1,False,Аксолтан Атаева,,,False,,
aist_cis_person_manual_TM_aman_kekilov,Aman Kekilov,person,person,,,Aman Kekilov,,curated fallback seed for balanced CIS coverage,,Turkmenistan,Turkmenistan,Q874,curated_country_category_seed,,0,curated_seed,biographical,curated_seed,manual_seed_catalog,,False,Аман Кекилов,manual_mapping_v1,False,Аман Кекилов,,,False,,
aist_cis_person_manual_TM_annaguly_nurmammet,Annaguly Nurmämmet,person,person,,,Annaguly Nurmämmet,,curated fallback seed for balanced CIS coverage,,Turkmenistan,Turkmenistan,Q874,curated_country_category_seed,,0,curated_seed,biographical,curated_seed,manual_seed_catalog,,False,Аннагулы Нурмаммет,manual_mapping_v1,False,Аннагулы Нурмаммет,,,False,,
aist_cis_person_manual_TM_beki_seytakow,Beki Seýtäkow,person,person,,,Beki Seýtäkow,,curated fallback seed for balanced CIS coverage,,Turkmenistan,Turkmenistan,Q874,curated_country_category_seed,,0,curated_seed,biographical,curated_seed,manual_seed_catalog,,False,Беки Сейтаков,manual_mapping_v1,False,Беки Сейтаков,,,False,,
aist_cis_person_manual_TM_berdy_kerbabayev,Berdy Kerbabayev,person,person,,,Berdy Kerbabayev,,curated fallback seed for balanced CIS coverage,,Turkmenistan,Turkmenistan,Q874,curated_country_category_seed,,0,curated_seed,biographical,curated_seed,manual_seed_catalog,,False,Берды Кербабаев,manual_mapping_v1,False,Берды Кербабаев,,,False,,
aist_cis_person_manual_TM_gurbanguly_berdimuhamedow,Gurbanguly Berdimuhamedow,person,person,,,Gurbanguly Berdimuhamedow,,curated fallback seed for balanced CIS coverage,,Turkmenistan,Turkmenistan,Q874,curated_country_category_seed,,0,curated_seed,biographical,curated_seed,manual_seed_catalog,,False,Гурбангулы Бердымухамедов,manual_mapping_v1,False,Гурбангулы Бердымухамедов,,,False,,
aist_cis_person_manual_TM_igor_makarov,Igor Makarov,person,person,,,Igor Makarov,,curated fallback seed for balanced CIS coverage,,Turkmenistan,Turkmenistan,Q874,curated_country_category_seed,,0,curated_seed,biographical,curated_seed,manual_seed_catalog,,True,Игорь Макаров,manual_mapping_v1,True,Игорь Макаров,"низкая/проверочная значимость: бизнесмен, связанный с Туркменистаном по происхождению и с постсоветским экономическим пространством","оставлен для покрытия бизнес-персон, но требует проверки значимости",True,"низкая/проверочная значимость: бизнесмен, связанный с Туркменистаном по происхождению и с постсоветским экономическим пространством","оставлен для покрытия бизнес-персон, но требует проверки значимости"
aist_cis_person_manual_TM_magtymguly_pyragy,Magtymguly Pyragy,person,person,,,Magtymguly Pyragy,,curated fallback seed for balanced CIS coverage,,Turkmenistan,Turkmenistan,Q874,curated_country_category_seed,,0,curated_seed,biographical,curated_seed,manual_seed_catalog,,False,Махтумкули Фраги,manual_mapping_v1,False,Махтумкули Фраги,,,False,,
aist_cis_person_manual_TM_marat_niyazov,Marat Niyazov,person,person,,,Marat Niyazov,,curated fallback seed for balanced CIS coverage,,Turkmenistan,Turkmenistan,Q874,curated_country_category_seed,,0,curated_seed,biographical,curated_seed,manual_seed_catalog,,False,Марат Ниязов,manual_mapping_v1,False,Марат Ниязов,,,False,,
aist_cis_person_manual_TM_maya_kuliyeva,Maya Kuliyeva,person,person,,,Maya Kuliyeva,,curated fallback seed for balanced CIS coverage,,Turkmenistan,Turkmenistan,Q874,curated_country_category_seed,,0,curated_seed,biographical,curated_seed,manual_seed_catalog,,False,Мая Кулиева,manual_mapping_v1,False,Мая Кулиева,,,False,,
aist_cis_person_manual_TM_mollanepes,Mollanepes,person,person,,,Mollanepes,,curated fallback seed for balanced CIS coverage,,Turkmenistan,Turkmenistan,Q874,curated_country_category_seed,,0,curated_seed,biographical,curated_seed,manual_seed_catalog,,False,Молланепес,manual_mapping_v1,False,Молланепес,,,False,,
aist_cis_person_manual_TM_nury_halmammedov,Nury Halmammedov,person,person,,,Nury Halmammedov,,curated fallback seed for balanced CIS coverage,,Turkmenistan,Turkmenistan,Q874,curated_country_category_seed,,0,curated_seed,biographical,curated_seed,manual_seed_catalog,,False,Нуры Халмамедов,manual_mapping_v1,False,Нуры Халмамедов,,,False,,
aist_cis_person_manual_GE_bidzina_ivanishvili,Bidzina Ivanishvili,person,person,,,Bidzina Ivanishvili,,curated fallback seed for balanced CIS coverage,,Georgia,Georgia,Q230,curated_country_category_seed,,0,curated_seed,biographical,curated_seed,manual_seed_catalog,,False,Бидзина Иванишвили,manual_mapping_v1,False,Бидзина Иванишвили,,,False,,
aist_cis_person_manual_GE_eduard_shevardnadze,Eduard Shevardnadze,person,person,,,Eduard Shevardnadze,,curated fallback seed for balanced CIS coverage,,Georgia,Georgia,Q230,curated_country_category_seed,,0,curated_seed,biographical,curated_seed,manual_seed_catalog,,False,Эдуард Шеварднадзе,manual_mapping_v1,False,Эдуард Шеварднадзе,,,False,,
aist_cis_person_manual_GE_ilia_chavchavadze,Ilia Chavchavadze,person,person,,,Ilia Chavchavadze,,curated fallback seed for balanced CIS coverage,,Georgia,Georgia,Q230,curated_country_category_seed,,0,curated_seed,biographical,curated_seed,manual_seed_catalog,,False,Илья Чавчавадзе,manual_mapping_v1,False,Илья Чавчавадзе,,,False,,
aist_cis_person_manual_GE_kakha_kaladze,Kakha Kaladze,person,person,,,Kakha Kaladze,,curated fallback seed for balanced CIS coverage,,Georgia,Georgia,Q230,curated_country_category_seed,,0,curated_seed,biographical,curated_seed,manual_seed_catalog,,False,Каха Каладзе,manual_mapping_v1,False,Каха Каладзе,,,False,,
aist_cis_person_manual_GE_katie_melua,Katie Melua,person,person,,,Katie Melua,,curated fallback seed for balanced CIS coverage,,Georgia,Georgia,Q230,curated_country_category_seed,,0,curated_seed,biographical,curated_seed,manual_seed_catalog,,False,Кэти Мелуа,manual_mapping_v1,False,Кэти Мелуа,,,False,,
aist_cis_person_manual_GE_niko_pirosmani,Niko Pirosmani,person,person,,,Niko Pirosmani,,curated fallback seed for balanced CIS coverage,,Georgia,Georgia,Q230,curated_country_category_seed,,0,curated_seed,biographical,curated_seed,manual_seed_catalog,,False,Нико Пиросмани,manual_mapping_v1,False,Нико Пиросмани,,,False,,
aist_cis_person_manual_GE_nona_gaprindashvili,Nona Gaprindashvili,person,person,,,Nona Gaprindashvili,,curated fallback seed for balanced CIS coverage,,Georgia,Georgia,Q230,curated_country_category_seed,,0,curated_seed,biographical,curated_seed,manual_seed_catalog,,False,Нона Гаприндашвили,manual_mapping_v1,False,Нона Гаприндашвили,,,False,,
aist_cis_person_manual_GE_salome_zourabichvili,Salome Zourabichvili,person,person,,,Salome Zourabichvili,,curated fallback seed for balanced CIS coverage,,Georgia,Georgia,Q230,curated_country_category_seed,,0,curated_seed,biographical,curated_seed,manual_seed_catalog,,False,Саломе Зурабишвили,manual_mapping_v1,False,Саломе Зурабишвили,,,False,,
aist_cis_person_manual_GE_shota_rustaveli,Shota Rustaveli,person,person,,,Shota Rustaveli,,curated fallback seed for balanced CIS coverage,,Georgia,Georgia,Q230,curated_country_category_seed,,0,curated_seed,biographical,curated_seed,manual_seed_catalog,,False,Шота Руставели,manual_mapping_v1,False,Шота Руставели,,,False,,
aist_cis_person_manual_GE_tamar_of_georgia,Tamar of Georgia,person,person,,,Tamar of Georgia,,curated fallback seed for balanced CIS coverage,,Georgia,Georgia,Q230,curated_country_category_seed,,0,curated_seed,biographical,curated_seed,manual_seed_catalog,,False,царица Тамара,manual_mapping_v1,False,царица Тамара,,,False,,
aist_cis_person_manual_GE_vakhtang_kikabidze,Vakhtang Kikabidze,person,person,,,Vakhtang Kikabidze,,curated fallback seed for balanced CIS coverage,,Georgia,Georgia,Q230,curated_country_category_seed,,0,curated_seed,biographical,curated_seed,manual_seed_catalog,,False,Вахтанг Кикабидзе,manual_mapping_v1,False,Вахтанг Кикабидзе,,,False,,
aist_cis_person_manual_GE_zaza_pachulia,Zaza Pachulia,person,person,,,Zaza Pachulia,,curated fallback seed for balanced CIS coverage,,Georgia,Georgia,Q230,curated_country_category_seed,,0,curated_seed,biographical,curated_seed,manual_seed_catalog,,False,Заза Пачулия,manual_mapping_v1,False,Заза Пачулия,,,False,,
aist_cis_person_manual_AM_aram_khachaturian,Aram Khachaturian,person,person,,,Aram Khachaturian,,curated fallback seed for balanced CIS coverage,,Armenia,Armenia,Q399,curated_country_category_seed,,0,curated_seed,biographical,curated_seed,manual_seed_catalog,,False,Арам Хачатурян,manual_mapping_v1,False,Арам Хачатурян,,,False,,
aist_cis_person_manual_AM_armen_dzhigarkhanyan,Armen Dzhigarkhanyan,person,person,,,Armen Dzhigarkhanyan,,curated fallback seed for balanced CIS coverage,,Armenia,Armenia,Q399,curated_country_category_seed,,0,curated_seed,biographical,curated_seed,manual_seed_catalog,,False,Армен Джигарханян,manual_mapping_v1,False,Армен Джигарханян,,,False,,
aist_cis_person_manual_AM_charles_aznavour,Charles Aznavour,person,person,,,Charles Aznavour,,curated fallback seed for balanced CIS coverage,,Armenia,Armenia,Q399,curated_country_category_seed,,0,curated_seed,biographical,curated_seed,manual_seed_catalog,,False,Шарль Азнавур,manual_mapping_v1,False,Шарль Азнавур,,,False,,
aist_cis_person_manual_AM_henrikh_mkhitaryan,Henrikh Mkhitaryan,person,person,,,Henrikh Mkhitaryan,,curated fallback seed for balanced CIS coverage,,Armenia,Armenia,Q399,curated_country_category_seed,,0,curated_seed,biographical,curated_seed,manual_seed_catalog,,False,Генрих Мхитарян,manual_mapping_v1,False,Генрих Мхитарян,,,False,,
aist_cis_person_manual_AM_hovhannes_tumanyan,Hovhannes Tumanyan,person,person,,,Hovhannes Tumanyan,,curated fallback seed for balanced CIS coverage,,Armenia,Armenia,Q399,curated_country_category_seed,,0,curated_seed,biographical,curated_seed,manual_seed_catalog,,False,Ованес Туманян,manual_mapping_v1,False,Ованес Туманян,,,False,,
aist_cis_person_manual_AM_komitas,Komitas,person,person,,,Komitas,,curated fallback seed for balanced CIS coverage,,Armenia,Armenia,Q399,curated_country_category_seed,,0,curated_seed,biographical,curated_seed,manual_seed_catalog,,False,Комитас,manual_mapping_v1,False,Комитас,,,False,,
aist_cis_person_manual_AM_levon_ter_petrosyan,Levon Ter-Petrosyan,person,person,,,Levon Ter-Petrosyan,,curated fallback seed for balanced CIS coverage,,Armenia,Armenia,Q399,curated_country_category_seed,,0,curated_seed,biographical,curated_seed,manual_seed_catalog,,False,Левон Тер-Петросян,manual_mapping_v1,False,Левон Тер-Петросян,,,False,,
aist_cis_person_manual_AM_mesrop_mashtots,Mesrop Mashtots,person,person,,,Mesrop Mashtots,,curated fallback seed for balanced CIS coverage,,Armenia,Armenia,Q399,curated_country_category_seed,,0,curated_seed,biographical,curated_seed,manual_seed_catalog,,False,Месроп Маштоц,manual_mapping_v1,False,Месроп Маштоц,,,False,,
aist_cis_person_manual_AM_nikol_pashinyan,Nikol Pashinyan,person,person,,,Nikol Pashinyan,,curated fallback seed for balanced CIS coverage,,Armenia,Armenia,Q399,curated_country_category_seed,,0,curated_seed,biographical,curated_seed,manual_seed_catalog,,False,Никол Пашинян,manual_mapping_v1,False,Никол Пашинян,,,False,,
aist_cis_person_manual_AM_paruyr_sevak,Paruyr Sevak,person,person,,,Paruyr Sevak,,curated fallback seed for balanced CIS coverage,,Armenia,Armenia,Q399,curated_country_category_seed,,0,curated_seed,biographical,curated_seed,manual_seed_catalog,,False,Паруйр Севак,manual_mapping_v1,False,Паруйр Севак,,,False,,
aist_cis_person_manual_AM_serzh_sargsyan,Serzh Sargsyan,person,person,,,Serzh Sargsyan,,curated fallback seed for balanced CIS coverage,,Armenia,Armenia,Q399,curated_country_category_seed,,0,curated_seed,biographical,curated_seed,manual_seed_catalog,,False,Серж Саргсян,manual_mapping_v1,False,Серж Саргсян,,,False,,
aist_cis_person_manual_AM_tigran_petrosian,Tigran Petrosian,person,person,,,Tigran Petrosian,,curated fallback seed for balanced CIS coverage,,Armenia,Armenia,Q399,curated_country_category_seed,,0,curated_seed,biographical,curated_seed,manual_seed_catalog,,False,Тигран Петросян,manual_mapping_v1,False,Тигран Петросян,,,False,,
aist_cis_person_manual_MD_alexandru_epureanu,Alexandru Epureanu,person,person,,,Alexandru Epureanu,,curated fallback seed for balanced CIS coverage,,Moldova,Moldova,Q217,curated_country_category_seed,,0,curated_seed,biographical,curated_seed,manual_seed_catalog,,False,Александру Епуряну,manual_mapping_v1,False,Александру Епуряну,,,False,,
aist_cis_person_manual_MD_dan_balan,Dan Balan,person,person,,,Dan Balan,,curated fallback seed for balanced CIS coverage,,Moldova,Moldova,Q217,curated_country_category_seed,,0,curated_seed,biographical,curated_seed,manual_seed_catalog,,False,Дан Балан,manual_mapping_v1,False,Дан Балан,,,False,,
aist_cis_person_manual_MD_dimitrie_cantemir,Dimitrie Cantemir,person,person,,,Dimitrie Cantemir,,curated fallback seed for balanced CIS coverage,,Moldova,Moldova,Q217,curated_country_category_seed,,0,curated_seed,biographical,curated_seed,manual_seed_catalog,,False,Дмитрий Кантемир,manual_mapping_v1,False,Дмитрий Кантемир,,,False,,
aist_cis_person_manual_MD_eugen_doga,Eugen Doga,person,person,,,Eugen Doga,,curated fallback seed for balanced CIS coverage,,Moldova,Moldova,Q217,curated_country_category_seed,,0,curated_seed,biographical,curated_seed,manual_seed_catalog,,False,Евгений Дога,manual_mapping_v1,False,Евгений Дога,,,False,,
aist_cis_person_manual_MD_grigore_vieru,Grigore Vieru,person,person,,,Grigore Vieru,,curated fallback seed for balanced CIS coverage,,Moldova,Moldova,Q217,curated_country_category_seed,,0,curated_seed,biographical,curated_seed,manual_seed_catalog,,False,Григоре Виеру,manual_mapping_v1,False,Григоре Виеру,,,False,,
aist_cis_person_manual_MD_igor_dodon,Igor Dodon,person,person,,,Igor Dodon,,curated fallback seed for balanced CIS coverage,,Moldova,Moldova,Q217,curated_country_category_seed,,0,curated_seed,biographical,curated_seed,manual_seed_catalog,,False,Игорь Додон,manual_mapping_v1,False,Игорь Додон,,,False,,
aist_cis_person_manual_MD_ion_creanga,Ion Creangă,person,person,,,Ion Creangă,,curated fallback seed for balanced CIS coverage,,Moldova,Moldova,Q217,curated_country_category_seed,,0,curated_seed,biographical,curated_seed,manual_seed_catalog,,False,Ион Крянгэ,manual_mapping_v1,False,Ион Крянгэ,,,False,,
aist_cis_person_manual_MD_ion_druta,Ion Druță,person,person,,,Ion Druță,,curated fallback seed for balanced CIS coverage,,Moldova,Moldova,Q217,curated_country_category_seed,,0,curated_seed,biographical,curated_seed,manual_seed_catalog,,False,Ион Друцэ,manual_mapping_v1,False,Ион Друцэ,,,False,,
aist_cis_person_manual_MD_maia_sandu,Maia Sandu,person,person,,,Maia Sandu,,curated fallback seed for balanced CIS coverage,,Moldova,Moldova,Q217,curated_country_category_seed,,0,curated_seed,biographical,curated_seed,manual_seed_catalog,,False,Майя Санду,manual_mapping_v1,False,Майя Санду,,,False,,
aist_cis_person_manual_MD_maria_biesu,Maria Bieșu,person,person,,,Maria Bieșu,,curated fallback seed for balanced CIS coverage,,Moldova,Moldova,Q217,curated_country_category_seed,,0,curated_seed,biographical,curated_seed,manual_seed_catalog,,False,Мария Биешу,manual_mapping_v1,False,Мария Биешу,,,False,,
aist_cis_person_manual_MD_mircea_snegur,Mircea Snegur,person,person,,,Mircea Snegur,,curated fallback seed for balanced CIS coverage,,Moldova,Moldova,Q217,curated_country_category_seed,,0,curated_seed,biographical,curated_seed,manual_seed_catalog,,False,Мирча Снегур,manual_mapping_v1,False,Мирча Снегур,,,False,,
aist_cis_person_manual_MD_nicolae_timofti,Nicolae Timofti,person,person,,,Nicolae Timofti,,curated fallback seed for balanced CIS coverage,,Moldova,Moldova,Q217,curated_country_category_seed,,0,curated_seed,biographical,curated_seed,manual_seed_catalog,,False,Николае Тимофти,manual_mapping_v1,False,Николае Тимофти,,,False,,
aist_cis_organization_Q151469,United Russia,organization,organization,Q151469,https://www.wikidata.org/wiki/Q151469,United Russia,Единая Россия,Putinist political party in Russia,"крупнейшая российская политическая партия, «партия власти»",Russia,Russia,Q159,country,,83,high,institutional,local_validated,wikidata,Q151469,False,партия «Единая Россия»,manual_mapping_v1,False,партия «Единая Россия»,,,False,,
aist_cis_organization_Q102673,Gazprom,organization,organization,Q102673,https://www.wikidata.org/wiki/Q102673,Gazprom,Газпром,Russian oil and gas company,российская транснациональная энергетическая компания,Russia,Russia,Q159,country,,77,high,institutional,local_validated,wikidata,Q102673,False,Газпром,manual_mapping_v1,False,Газпром,,,False,,
aist_cis_organization_Q5281,Yandex,organization,organization,Q5281,https://www.wikidata.org/wiki/Q5281,Yandex,Яндекс,Russian technology company,российская транснациональная IT-компания,Russia,Russia,Q159,country,,72,high,institutional,local_validated,wikidata,Q5281,False,Яндекс,manual_mapping_v1,False,Яндекс,,,False,,
aist_cis_organization_manual_RU_aeroflot,Aeroflot,organization,organization,,,Aeroflot,,curated fallback seed for balanced CIS coverage,,Russia,Russia,Q159,curated_country_category_seed,,0,curated_seed,institutional,curated_seed,manual_seed_catalog,,False,Аэрофлот,manual_mapping_v1,False,Аэрофлот,,,False,,
aist_cis_organization_manual_RU_central_bank_of_russia,Central Bank of Russia,organization,organization,,,Central Bank of Russia,,curated fallback seed for balanced CIS coverage,,Russia,Russia,Q159,curated_country_category_seed,,0,curated_seed,institutional,curated_seed,manual_seed_catalog,,False,Центральный банк России,manual_mapping_v1,False,Центральный банк России,,,False,,
aist_cis_organization_manual_RU_moscow_state_university,Moscow State University,organization,organization,,,Moscow State University,,curated fallback seed for balanced CIS coverage,,Russia,Russia,Q159,curated_country_category_seed,,0,curated_seed,institutional,curated_seed,manual_seed_catalog,,False,Московский государственный университет,manual_mapping_v1,False,Московский государственный университет,,,False,,
aist_cis_organization_manual_RU_russian_academy_of_sciences,Russian Academy of Sciences,organization,organization,,,Russian Academy of Sciences,,curated fallback seed for balanced CIS coverage,,Russia,Russia,Q159,curated_country_category_seed,,0,curated_seed,institutional,curated_seed,manual_seed_catalog,,False,Российская академия наук,manual_mapping_v1,False,Российская академия наук,,,False,,
aist_cis_organization_manual_UA_antonov,Antonov,organization,organization,,,Antonov,,curated fallback seed for balanced CIS coverage,,Ukraine,Ukraine,Q212,curated_country_category_seed,,0,curated_seed,institutional,curated_seed,manual_seed_catalog,,False,Антонов,manual_mapping_v1,False,Антонов,,,False,,
aist_cis_organization_manual_UA_naftogaz,Naftogaz,organization,organization,,,Naftogaz,,curated fallback seed for balanced CIS coverage,,Ukraine,Ukraine,Q212,curated_country_category_seed,,0,curated_seed,institutional,curated_seed,manual_seed_catalog,,False,Нафтогаз,manual_mapping_v1,False,Нафтогаз,,,False,,
aist_cis_organization_manual_UA_national_academy_of_sciences_of_ukraine,National Academy of Sciences of Ukraine,organization,organization,,,National Academy of Sciences of Ukraine,,curated fallback seed for balanced CIS coverage,,Ukraine,Ukraine,Q212,curated_country_category_seed,,0,curated_seed,institutional,curated_seed,manual_seed_catalog,,False,Национальная академия наук Украины,manual_mapping_v1,False,Национальная академия наук Украины,,,False,,
aist_cis_organization_manual_UA_national_bank_of_ukraine,National Bank of Ukraine,organization,organization,,,National Bank of Ukraine,,curated fallback seed for balanced CIS coverage,,Ukraine,Ukraine,Q212,curated_country_category_seed,,0,curated_seed,institutional,curated_seed,manual_seed_catalog,,False,Национальный банк Украины,manual_mapping_v1,False,Национальный банк Украины,,,False,,
aist_cis_organization_manual_UA_servant_of_the_people,Servant of the People,organization,organization,,,Servant of the People,,curated fallback seed for balanced CIS coverage,,Ukraine,Ukraine,Q212,curated_country_category_seed,,0,curated_seed,institutional,curated_seed,manual_seed_catalog,,True,партия «Слуга народа»,manual_mapping_v1,True,партия «Слуга народа»,"уточнено неоднозначное название: имеется в виду украинская политическая партия «Слуга народа», а не сериал или фильм",оставлен как значимая политическая организация Украины,True,"уточнено неоднозначное название: имеется в виду украинская политическая партия «Слуга народа», а не сериал или фильм",оставлен как значимая политическая организация Украины
aist_cis_organization_manual_UA_taras_shevchenko_national_university_of_kyiv,Taras Shevchenko National University of Kyiv,organization,organization,,,Taras Shevchenko National University of Kyiv,,curated fallback seed for balanced CIS coverage,,Ukraine,Ukraine,Q212,curated_country_category_seed,,0,curated_seed,institutional,curated_seed,manual_seed_catalog,,False,Киевский национальный университет имени Тараса Шевченко,manual_mapping_v1,False,Киевский национальный университет имени Тараса Шевченко,,,False,,
aist_cis_organization_manual_UA_ukrinform,Ukrinform,organization,organization,,,Ukrinform,,curated fallback seed for balanced CIS coverage,,Ukraine,Ukraine,Q212,curated_country_category_seed,,0,curated_seed,institutional,curated_seed,manual_seed_catalog,,False,Укринформ,manual_mapping_v1,False,Укринформ,,,False,,
aist_cis_organization_manual_UZ_central_bank_of_uzbekistan,Central Bank of Uzbekistan,organization,organization,,,Central Bank of Uzbekistan,,curated fallback seed for balanced CIS coverage,,Uzbekistan,Uzbekistan,Q265,curated_country_category_seed,,0,curated_seed,institutional,curated_seed,manual_seed_catalog,,False,Центральный банк Узбекистана,manual_mapping_v1,False,Центральный банк Узбекистана,,,False,,
aist_cis_organization_manual_UZ_liberal_democratic_party_of_uzbekistan,Liberal Democratic Party of Uzbekistan,organization,organization,,,Liberal Democratic Party of Uzbekistan,,curated fallback seed for balanced CIS coverage,,Uzbekistan,Uzbekistan,Q265,curated_country_category_seed,,0,curated_seed,institutional,curated_seed,manual_seed_catalog,,False,Либерально-демократическая партия Узбекистана,manual_mapping_v1,False,Либерально-демократическая партия Узбекистана,,,False,,
aist_cis_organization_manual_UZ_national_university_of_uzbekistan,National University of Uzbekistan,organization,organization,,,National University of Uzbekistan,,curated fallback seed for balanced CIS coverage,,Uzbekistan,Uzbekistan,Q265,curated_country_category_seed,,0,curated_seed,institutional,curated_seed,manual_seed_catalog,,False,Национальный университет Узбекистана,manual_mapping_v1,False,Национальный университет Узбекистана,,,False,,
aist_cis_organization_manual_UZ_tashkent_state_technical_university,Tashkent State Technical University,organization,organization,,,Tashkent State Technical University,,curated fallback seed for balanced CIS coverage,,Uzbekistan,Uzbekistan,Q265,curated_country_category_seed,,0,curated_seed,institutional,curated_seed,manual_seed_catalog,,False,Ташкентский государственный технический университет,manual_mapping_v1,False,Ташкентский государственный технический университет,,,False,,
aist_cis_organization_manual_UZ_uzbekfilm,Uzbekfilm,organization,organization,,,Uzbekfilm,,curated fallback seed for balanced CIS coverage,,Uzbekistan,Uzbekistan,Q265,curated_country_category_seed,,0,curated_seed,institutional,curated_seed,manual_seed_catalog,,False,Узбекфильм,manual_mapping_v1,False,Узбекфильм,,,False,,
aist_cis_organization_manual_UZ_uzbekistan_academy_of_sciences,Uzbekistan Academy of Sciences,organization,organization,,,Uzbekistan Academy of Sciences,,curated fallback seed for balanced CIS coverage,,Uzbekistan,Uzbekistan,Q265,curated_country_category_seed,,0,curated_seed,institutional,curated_seed,manual_seed_catalog,,False,Академия наук Узбекистана,manual_mapping_v1,False,Академия наук Узбекистана,,,False,,
aist_cis_organization_manual_UZ_uzbekistan_airways,Uzbekistan Airways,organization,organization,,,Uzbekistan Airways,,curated fallback seed for balanced CIS coverage,,Uzbekistan,Uzbekistan,Q265,curated_country_category_seed,,0,curated_seed,institutional,curated_seed,manual_seed_catalog,,False,Узбекистон хаво йуллари,manual_mapping_v1,False,Узбекистон хаво йуллари,,,False,,
aist_cis_organization_manual_KZ_air_astana,Air Astana,organization,organization,,,Air Astana,,curated fallback seed for balanced CIS coverage,,Kazakhstan,Kazakhstan,Q232,curated_country_category_seed,,0,curated_seed,institutional,curated_seed,manual_seed_catalog,,False,Air Astana,manual_mapping_v1,False,авиакомпания Air Astana,,,False,,
aist_cis_organization_manual_KZ_al_farabi_kazakh_national_university,Al-Farabi Kazakh National University,organization,organization,,,Al-Farabi Kazakh National University,,curated fallback seed for balanced CIS coverage,,Kazakhstan,Kazakhstan,Q232,curated_country_category_seed,,0,curated_seed,institutional,curated_seed,manual_seed_catalog,,False,Казахский национальный университет имени аль-Фараби,manual_mapping_v1,False,Казахский национальный университет имени аль-Фараби,,,False,,
aist_cis_organization_manual_KZ_amanat,Amanat,organization,organization,,,Amanat,,curated fallback seed for balanced CIS coverage,,Kazakhstan,Kazakhstan,Q232,curated_country_category_seed,,0,curated_seed,institutional,curated_seed,manual_seed_catalog,,True,партия «Аманат»,manual_mapping_v1,True,партия «Аманат»,уточнено неоднозначное название: имеется в виду казахстанская политическая партия «Аманат»,оставлен как значимая политическая организация Казахстана,True,уточнено неоднозначное название: имеется в виду казахстанская политическая партия «Аманат»,оставлен как значимая политическая организация Казахстана
aist_cis_organization_manual_KZ_kazmunaygas,KazMunayGas,organization,organization,,,KazMunayGas,,curated fallback seed for balanced CIS coverage,,Kazakhstan,Kazakhstan,Q232,curated_country_category_seed,,0,curated_seed,institutional,curated_seed,manual_seed_catalog,,False,КазМунайГаз,manual_mapping_v1,False,КазМунайГаз,,,False,,
aist_cis_organization_manual_KZ_kazakhfilm,Kazakhfilm,organization,organization,,,Kazakhfilm,,curated fallback seed for balanced CIS coverage,,Kazakhstan,Kazakhstan,Q232,curated_country_category_seed,,0,curated_seed,institutional,curated_seed,manual_seed_catalog,,False,Казахфильм,manual_mapping_v1,False,Казахфильм,,,False,,
aist_cis_organization_manual_KZ_national_bank_of_kazakhstan,National Bank of Kazakhstan,organization,organization,,,National Bank of Kazakhstan,,curated fallback seed for balanced CIS coverage,,Kazakhstan,Kazakhstan,Q232,curated_country_category_seed,,0,curated_seed,institutional,curated_seed,manual_seed_catalog,,False,Национальный банк Казахстана,manual_mapping_v1,False,Национальный банк Казахстана,,,False,,
aist_cis_organization_manual_KZ_nazarbayev_university,Nazarbayev University,organization,organization,,,Nazarbayev University,,curated fallback seed for balanced CIS coverage,,Kazakhstan,Kazakhstan,Q232,curated_country_category_seed,,0,curated_seed,institutional,curated_seed,manual_seed_catalog,,False,Назарбаев Университет,manual_mapping_v1,False,Назарбаев Университет,,,False,,
aist_cis_organization_Q1633799,Baku State University,organization,organization,Q1633799,https://www.wikidata.org/wiki/Q1633799,Baku State University,Бакинский государственный университет,"public university in Baku, Azerbaijan, founded in 1919","университет в Баку, Азербайджан",Azerbaijan,Azerbaijan,Q227,country,,70,high,institutional,local_validated,wikidata,Q1633799,False,Бакинский государственный университет,manual_mapping_v1,False,Бакинский государственный университет,,,False,,
aist_cis_organization_manual_AZ_azerbaijan_airlines,Azerbaijan Airlines,organization,organization,,,Azerbaijan Airlines,,curated fallback seed for balanced CIS coverage,,Azerbaijan,Azerbaijan,Q227,curated_country_category_seed,,0,curated_seed,institutional,curated_seed,manual_seed_catalog,,False,Azerbaijan Airlines,manual_mapping_v1,False,авиакомпания Azerbaijan Airlines,,,False,,
aist_cis_organization_manual_AZ_azerbaijan_national_academy_of_sciences,Azerbaijan National Academy of Sciences,organization,organization,,,Azerbaijan National Academy of Sciences,,curated fallback seed for balanced CIS coverage,,Azerbaijan,Azerbaijan,Q227,curated_country_category_seed,,0,curated_seed,institutional,curated_seed,manual_seed_catalog,,False,Национальная академия наук Азербайджана,manual_mapping_v1,False,Национальная академия наук Азербайджана,,,False,,
aist_cis_organization_manual_AZ_azerbaijan_state_oil_and_industry_university,Azerbaijan State Oil and Industry University,organization,organization,,,Azerbaijan State Oil and Industry University,,curated fallback seed for balanced CIS coverage,,Azerbaijan,Azerbaijan,Q227,curated_country_category_seed,,0,curated_seed,institutional,curated_seed,manual_seed_catalog,,False,Азербайджанский государственный университет нефти и промышленности,manual_mapping_v1,False,Азербайджанский государственный университет нефти и промышленности,,,False,,
aist_cis_organization_manual_AZ_central_bank_of_azerbaijan,Central Bank of Azerbaijan,organization,organization,,,Central Bank of Azerbaijan,,curated fallback seed for balanced CIS coverage,,Azerbaijan,Azerbaijan,Q227,curated_country_category_seed,,0,curated_seed,institutional,curated_seed,manual_seed_catalog,,False,Центральный банк Азербайджана,manual_mapping_v1,False,Центральный банк Азербайджана,,,False,,
aist_cis_organization_manual_AZ_new_azerbaijan_party,New Azerbaijan Party,organization,organization,,,New Azerbaijan Party,,curated fallback seed for balanced CIS coverage,,Azerbaijan,Azerbaijan,Q227,curated_country_category_seed,,0,curated_seed,institutional,curated_seed,manual_seed_catalog,,False,партия «Новый Азербайджан»,manual_mapping_v1,False,партия «Новый Азербайджан»,,,False,,
aist_cis_organization_manual_AZ_socar,SOCAR,organization,organization,,,SOCAR,,curated fallback seed for balanced CIS coverage,,Azerbaijan,Azerbaijan,Q227,curated_country_category_seed,,0,curated_seed,institutional,curated_seed,manual_seed_catalog,,False,SOCAR,manual_mapping_v1,False,нефтегазовая компания SOCAR,,,False,,
aist_cis_organization_manual_TJ_academy_of_sciences_of_tajikistan,Academy of Sciences of Tajikistan,organization,organization,,,Academy of Sciences of Tajikistan,,curated fallback seed for balanced CIS coverage,,Tajikistan,Tajikistan,Q863,curated_country_category_seed,,0,curated_seed,institutional,curated_seed,manual_seed_catalog,,False,Академия наук Таджикистана,manual_mapping_v1,False,Академия наук Таджикистана,,,False,,
aist_cis_organization_manual_TJ_national_bank_of_tajikistan,National Bank of Tajikistan,organization,organization,,,National Bank of Tajikistan,,curated fallback seed for balanced CIS coverage,,Tajikistan,Tajikistan,Q863,curated_country_category_seed,,0,curated_seed,institutional,curated_seed,manual_seed_catalog,,False,Национальный банк Таджикистана,manual_mapping_v1,False,Национальный банк Таджикистана,,,False,,
aist_cis_organization_manual_TJ_pamir_energy,Pamir Energy,organization,organization,,,Pamir Energy,,curated fallback seed for balanced CIS coverage,,Tajikistan,Tajikistan,Q863,curated_country_category_seed,,0,curated_seed,institutional,curated_seed,manual_seed_catalog,,False,Pamir Energy,manual_mapping_v1,False,энергетическая компания Pamir Energy,,,False,,
aist_cis_organization_manual_TJ_people_s_democratic_party_of_tajikistan,People's Democratic Party of Tajikistan,organization,organization,,,People's Democratic Party of Tajikistan,,curated fallback seed for balanced CIS coverage,,Tajikistan,Tajikistan,Q863,curated_country_category_seed,,0,curated_seed,institutional,curated_seed,manual_seed_catalog,,False,Народно-демократическая партия Таджикистана,manual_mapping_v1,False,Народно-демократическая партия Таджикистана,,,False,,
aist_cis_organization_manual_TJ_tajik_air,Tajik Air,organization,organization,,,Tajik Air,,curated fallback seed for balanced CIS coverage,,Tajikistan,Tajikistan,Q863,curated_country_category_seed,,0,curated_seed,institutional,curated_seed,manual_seed_catalog,,False,Tajik Air,manual_mapping_v1,False,авиакомпания Tajik Air,,,False,,
aist_cis_organization_manual_TJ_tajik_national_university,Tajik National University,organization,organization,,,Tajik National University,,curated fallback seed for balanced CIS coverage,,Tajikistan,Tajikistan,Q863,curated_country_category_seed,,0,curated_seed,institutional,curated_seed,manual_seed_catalog,,False,Таджикский национальный университет,manual_mapping_v1,False,Таджикский национальный университет,,,False,,
aist_cis_organization_manual_TJ_tajikfilm,Tajikfilm,organization,organization,,,Tajikfilm,,curated fallback seed for balanced CIS coverage,,Tajikistan,Tajikistan,Q863,curated_country_category_seed,,0,curated_seed,institutional,curated_seed,manual_seed_catalog,,False,Таджикфильм,manual_mapping_v1,False,Таджикфильм,,,False,,
aist_cis_organization_manual_BY_bate_borisov,BATE Borisov,organization,organization,,,BATE Borisov,,curated fallback seed for balanced CIS coverage,,Belarus,Belarus,Q184,curated_country_category_seed,,0,curated_seed,institutional,curated_seed,manual_seed_catalog,,False,БАТЭ Борисов,manual_mapping_v1,False,БАТЭ Борисов,,,False,,
aist_cis_organization_manual_BY_belarusfilm,Belarusfilm,organization,organization,,,Belarusfilm,,curated fallback seed for balanced CIS coverage,,Belarus,Belarus,Q184,curated_country_category_seed,,0,curated_seed,institutional,curated_seed,manual_seed_catalog,,False,Беларусьфильм,manual_mapping_v1,False,Беларусьфильм,,,False,,
aist_cis_organization_manual_BY_belarusian_republican_youth_union,Belarusian Republican Youth Union,organization,organization,,,Belarusian Republican Youth Union,,curated fallback seed for balanced CIS coverage,,Belarus,Belarus,Q184,curated_country_category_seed,,0,curated_seed,institutional,curated_seed,manual_seed_catalog,,False,Белорусский республиканский союз молодёжи,manual_mapping_v1,False,Белорусский республиканский союз молодёжи,,,False,,
aist_cis_organization_manual_BY_belarusian_state_museum_of_the_history_of_the_great_patriotic_war,Belarusian State Museum of the History of the Great Patriotic War,organization,organization,,,Belarusian State Museum of the History of the Great Patriotic War,,curated fallback seed for balanced CIS coverage,,Belarus,Belarus,Q184,curated_country_category_seed,,0,curated_seed,institutional,curated_seed,manual_seed_catalog,,False,Белорусский государственный музей истории Великой Отечественной войны,manual_mapping_v1,False,Музей истории Великой Отечественной войны в Минске,,,False,,
aist_cis_organization_manual_BY_belarusian_state_university,Belarusian State University,organization,organization,,,Belarusian State University,,curated fallback seed for balanced CIS coverage,,Belarus,Belarus,Q184,curated_country_category_seed,,0,curated_seed,institutional,curated_seed,manual_seed_catalog,,False,Белорусский государственный университет,manual_mapping_v1,False,Белорусский государственный университет,,,False,,
aist_cis_organization_manual_BY_belarusian_telegraph_agency,Belarusian Telegraph Agency,organization,organization,,,Belarusian Telegraph Agency,,curated fallback seed for balanced CIS coverage,,Belarus,Belarus,Q184,curated_country_category_seed,,0,curated_seed,institutional,curated_seed,manual_seed_catalog,,False,Белорусское телеграфное агентство,manual_mapping_v1,False,Белорусское телеграфное агентство,,,False,,
aist_cis_organization_manual_BY_national_bank_of_belarus,National Bank of Belarus,organization,organization,,,National Bank of Belarus,,curated fallback seed for balanced CIS coverage,,Belarus,Belarus,Q184,curated_country_category_seed,,0,curated_seed,institutional,curated_seed,manual_seed_catalog,,False,Национальный банк Республики Беларусь,manual_mapping_v1,False,Национальный банк Республики Беларусь,,,False,,
aist_cis_organization_manual_KG_ala_too_international_university,Ala-Too International University,organization,organization,,,Ala-Too International University,,curated fallback seed for balanced CIS coverage,,Kyrgyzstan,Kyrgyzstan,Q813,curated_country_category_seed,,0,curated_seed,institutional,curated_seed,manual_seed_catalog,,False,Международный университет «Ала-Тоо»,manual_mapping_v1,False,Международный университет «Ала-Тоо»,,,False,,
aist_cis_organization_manual_KG_kyrgyz_national_academy_of_sciences,Kyrgyz National Academy of Sciences,organization,organization,,,Kyrgyz National Academy of Sciences,,curated fallback seed for balanced CIS coverage,,Kyrgyzstan,Kyrgyzstan,Q813,curated_country_category_seed,,0,curated_seed,institutional,curated_seed,manual_seed_catalog,,False,Национальная академия наук Кыргызской Республики,manual_mapping_v1,False,Национальная академия наук Кыргызской Республики,,,False,,
aist_cis_organization_manual_KG_kyrgyz_national_university,Kyrgyz National University,organization,organization,,,Kyrgyz National University,,curated fallback seed for balanced CIS coverage,,Kyrgyzstan,Kyrgyzstan,Q813,curated_country_category_seed,,0,curated_seed,institutional,curated_seed,manual_seed_catalog,,False,Кыргызский национальный университет,manual_mapping_v1,False,Кыргызский национальный университет,,,False,,
aist_cis_organization_manual_KG_kyrgyzfilm,Kyrgyzfilm,organization,organization,,,Kyrgyzfilm,,curated fallback seed for balanced CIS coverage,,Kyrgyzstan,Kyrgyzstan,Q813,curated_country_category_seed,,0,curated_seed,institutional,curated_seed,manual_seed_catalog,,False,Кыргызфильм,manual_mapping_v1,False,Кыргызфильм,,,False,,
aist_cis_organization_manual_KG_kyrgyzstan_airlines,Kyrgyzstan Airlines,organization,organization,,,Kyrgyzstan Airlines,,curated fallback seed for balanced CIS coverage,,Kyrgyzstan,Kyrgyzstan,Q813,curated_country_category_seed,,0,curated_seed,institutional,curated_seed,manual_seed_catalog,,False,Kyrgyzstan Airlines,manual_mapping_v1,False,авиакомпания Kyrgyzstan Airlines,,,False,,
aist_cis_organization_manual_KG_national_bank_of_the_kyrgyz_republic,National Bank of the Kyrgyz Republic,organization,organization,,,National Bank of the Kyrgyz Republic,,curated fallback seed for balanced CIS coverage,,Kyrgyzstan,Kyrgyzstan,Q813,curated_country_category_seed,,0,curated_seed,institutional,curated_seed,manual_seed_catalog,,False,Национальный банк Кыргызской Республики,manual_mapping_v1,False,Национальный банк Кыргызской Республики,,,False,,
aist_cis_organization_manual_TM_central_bank_of_turkmenistan,Central Bank of Turkmenistan,organization,organization,,,Central Bank of Turkmenistan,,curated fallback seed for balanced CIS coverage,,Turkmenistan,Turkmenistan,Q874,curated_country_category_seed,,0,curated_seed,institutional,curated_seed,manual_seed_catalog,,False,Центральный банк Туркменистана,manual_mapping_v1,False,Центральный банк Туркменистана,,,False,,
aist_cis_organization_manual_TM_democratic_party_of_turkmenistan,Democratic Party of Turkmenistan,organization,organization,,,Democratic Party of Turkmenistan,,curated fallback seed for balanced CIS coverage,,Turkmenistan,Turkmenistan,Q874,curated_country_category_seed,,0,curated_seed,institutional,curated_seed,manual_seed_catalog,,False,Демократическая партия Туркменистана,manual_mapping_v1,False,Демократическая партия Туркменистана,,,False,,
aist_cis_organization_manual_TM_state_news_agency_of_turkmenistan,State News Agency of Turkmenistan,organization,organization,,,State News Agency of Turkmenistan,,curated fallback seed for balanced CIS coverage,,Turkmenistan,Turkmenistan,Q874,curated_country_category_seed,,0,curated_seed,institutional,curated_seed,manual_seed_catalog,,False,Государственное информационное агентство Туркменистана,manual_mapping_v1,False,Государственное информационное агентство Туркменистана,,,False,,
aist_cis_organization_manual_TM_turkmen_academy_of_sciences,Turkmen Academy of Sciences,organization,organization,,,Turkmen Academy of Sciences,,curated fallback seed for balanced CIS coverage,,Turkmenistan,Turkmenistan,Q874,curated_country_category_seed,,0,curated_seed,institutional,curated_seed,manual_seed_catalog,,False,Академия наук Туркменистана,manual_mapping_v1,False,Академия наук Туркменистана,,,False,,
aist_cis_organization_manual_TM_turkmen_state_university,Turkmen State University,organization,organization,,,Turkmen State University,,curated fallback seed for balanced CIS coverage,,Turkmenistan,Turkmenistan,Q874,curated_country_category_seed,,0,curated_seed,institutional,curated_seed,manual_seed_catalog,,False,Туркменский государственный университет,manual_mapping_v1,False,Туркменский государственный университет,,,False,,
aist_cis_organization_manual_TM_turkmenfilm,Turkmenfilm,organization,organization,,,Turkmenfilm,,curated fallback seed for balanced CIS coverage,,Turkmenistan,Turkmenistan,Q874,curated_country_category_seed,,0,curated_seed,institutional,curated_seed,manual_seed_catalog,,False,Туркменфильм,manual_mapping_v1,False,Туркменфильм,,,False,,
aist_cis_organization_manual_TM_turkmenistan_airlines,Turkmenistan Airlines,organization,organization,,,Turkmenistan Airlines,,curated fallback seed for balanced CIS coverage,,Turkmenistan,Turkmenistan,Q874,curated_country_category_seed,,0,curated_seed,institutional,curated_seed,manual_seed_catalog,,False,Turkmenistan Airlines,manual_mapping_v1,False,авиакомпания Turkmenistan Airlines,,,False,,
aist_cis_organization_manual_GE_georgian_airways,Georgian Airways,organization,organization,,,Georgian Airways,,curated fallback seed for balanced CIS coverage,,Georgia,Georgia,Q230,curated_country_category_seed,,0,curated_seed,institutional,curated_seed,manual_seed_catalog,,False,Georgian Airways,manual_mapping_v1,False,авиакомпания Georgian Airways,,,False,,
aist_cis_organization_manual_GE_georgian_dream,Georgian Dream,organization,organization,,,Georgian Dream,,curated fallback seed for balanced CIS coverage,,Georgia,Georgia,Q230,curated_country_category_seed,,0,curated_seed,institutional,curated_seed,manual_seed_catalog,,False,партия «Грузинская мечта»,manual_mapping_v1,False,партия «Грузинская мечта»,,,False,,
aist_cis_organization_manual_GE_georgian_national_museum,Georgian National Museum,organization,organization,,,Georgian National Museum,,curated fallback seed for balanced CIS coverage,,Georgia,Georgia,Q230,curated_country_category_seed,,0,curated_seed,institutional,curated_seed,manual_seed_catalog,,False,Грузинский национальный музей,manual_mapping_v1,False,Грузинский национальный музей,,,False,,
aist_cis_organization_manual_GE_georgian_public_broadcaster,Georgian Public Broadcaster,organization,organization,,,Georgian Public Broadcaster,,curated fallback seed for balanced CIS coverage,,Georgia,Georgia,Q230,curated_country_category_seed,,0,curated_seed,institutional,curated_seed,manual_seed_catalog,,False,Общественный вещатель Грузии,manual_mapping_v1,False,Общественный вещатель Грузии,,,False,,
aist_cis_organization_manual_GE_national_bank_of_georgia,National Bank of Georgia,organization,organization,,,National Bank of Georgia,,curated fallback seed for balanced CIS coverage,,Georgia,Georgia,Q230,curated_country_category_seed,,0,curated_seed,institutional,curated_seed,manual_seed_catalog,,False,Национальный банк Грузии,manual_mapping_v1,False,Национальный банк Грузии,,,False,,
aist_cis_organization_manual_GE_rustavi_2,Rustavi 2,organization,organization,,,Rustavi 2,,curated fallback seed for balanced CIS coverage,,Georgia,Georgia,Q230,curated_country_category_seed,,0,curated_seed,institutional,curated_seed,manual_seed_catalog,,False,Rustavi 2,manual_mapping_v1,False,телеканал Rustavi 2,,,False,,
aist_cis_organization_manual_AM_armenia_tv,Armenia TV,organization,organization,,,Armenia TV,,curated fallback seed for balanced CIS coverage,,Armenia,Armenia,Q399,curated_country_category_seed,,0,curated_seed,institutional,curated_seed,manual_seed_catalog,,False,Armenia TV,manual_mapping_v1,False,телеканал Armenia TV,,,False,,
aist_cis_organization_manual_AM_armenian_national_academy_of_sciences,Armenian National Academy of Sciences,organization,organization,,,Armenian National Academy of Sciences,,curated fallback seed for balanced CIS coverage,,Armenia,Armenia,Q399,curated_country_category_seed,,0,curated_seed,institutional,curated_seed,manual_seed_catalog,,False,Национальная академия наук Армении,manual_mapping_v1,False,Национальная академия наук Армении,,,False,,
aist_cis_organization_manual_AM_armenian_revolutionary_federation,Armenian Revolutionary Federation,organization,organization,,,Armenian Revolutionary Federation,,curated fallback seed for balanced CIS coverage,,Armenia,Armenia,Q399,curated_country_category_seed,,0,curated_seed,institutional,curated_seed,manual_seed_catalog,,False,Армянская революционная федерация «Дашнакцутюн»,manual_mapping_v1,False,Армянская революционная федерация «Дашнакцутюн»,,,False,,
aist_cis_organization_manual_AM_central_bank_of_armenia,Central Bank of Armenia,organization,organization,,,Central Bank of Armenia,,curated fallback seed for balanced CIS coverage,,Armenia,Armenia,Q399,curated_country_category_seed,,0,curated_seed,institutional,curated_seed,manual_seed_catalog,,False,Центральный банк Армении,manual_mapping_v1,False,Центральный банк Армении,,,False,,
aist_cis_organization_manual_AM_matenadaran,Matenadaran,organization,organization,,,Matenadaran,,curated fallback seed for balanced CIS coverage,,Armenia,Armenia,Q399,curated_country_category_seed,,0,curated_seed,institutional,curated_seed,manual_seed_catalog,,True,Матенадаран,manual_mapping_v1,True,Матенадаран,"пограничная категория: Матенадаран является институтом, музеем и хранилищем рукописей, одновременно связанным с культурным наследием Армении",оставлен как культурно-институциональный объект национального значения,True,"пограничная категория: Матенадаран является институтом, музеем и хранилищем рукописей, одновременно связанным с культурным наследием Армении",оставлен как культурно-институциональный объект национального значения
aist_cis_organization_manual_AM_republican_party_of_armenia,Republican Party of Armenia,organization,organization,,,Republican Party of Armenia,,curated fallback seed for balanced CIS coverage,,Armenia,Armenia,Q399,curated_country_category_seed,,0,curated_seed,institutional,curated_seed,manual_seed_catalog,,False,Республиканская партия Армении,manual_mapping_v1,False,Республиканская партия Армении,,,False,,
aist_cis_organization_manual_MD_air_moldova,Air Moldova,organization,organization,,,Air Moldova,,curated fallback seed for balanced CIS coverage,,Moldova,Moldova,Q217,curated_country_category_seed,,0,curated_seed,institutional,curated_seed,manual_seed_catalog,,False,Air Moldova,manual_mapping_v1,False,авиакомпания Air Moldova,,,False,,
aist_cis_organization_manual_MD_fc_sheriff_tiraspol,FC Sheriff Tiraspol,organization,organization,,,FC Sheriff Tiraspol,,curated fallback seed for balanced CIS coverage,,Moldova,Moldova,Q217,curated_country_category_seed,,0,curated_seed,institutional,curated_seed,manual_seed_catalog,,False,ФК «Шериф» Тирасполь,manual_mapping_v1,False,ФК «Шериф» Тирасполь,,,False,,
aist_cis_organization_manual_MD_moldova_state_university,Moldova State University,organization,organization,,,Moldova State University,,curated fallback seed for balanced CIS coverage,,Moldova,Moldova,Q217,curated_country_category_seed,,0,curated_seed,institutional,curated_seed,manual_seed_catalog,,False,Государственный университет Молдовы,manual_mapping_v1,False,Государственный университет Молдовы,,,False,,
aist_cis_organization_manual_MD_moldovan_academy_of_sciences,Moldovan Academy of Sciences,organization,organization,,,Moldovan Academy of Sciences,,curated fallback seed for balanced CIS coverage,,Moldova,Moldova,Q217,curated_country_category_seed,,0,curated_seed,institutional,curated_seed,manual_seed_catalog,,False,Академия наук Молдовы,manual_mapping_v1,False,Академия наук Молдовы,,,False,,
aist_cis_organization_manual_MD_national_bank_of_moldova,National Bank of Moldova,organization,organization,,,National Bank of Moldova,,curated fallback seed for balanced CIS coverage,,Moldova,Moldova,Q217,curated_country_category_seed,,0,curated_seed,institutional,curated_seed,manual_seed_catalog,,False,Национальный банк Молдовы,manual_mapping_v1,False,Национальный банк Молдовы,,,False,,
aist_cis_organization_manual_MD_party_of_action_and_solidarity,Party of Action and Solidarity,organization,organization,,,Party of Action and Solidarity,,curated fallback seed for balanced CIS coverage,,Moldova,Moldova,Q217,curated_country_category_seed,,0,curated_seed,institutional,curated_seed,manual_seed_catalog,,False,партия «Действие и солидарность»,manual_mapping_v1,False,партия «Действие и солидарность»,,,False,,
aist_cis_event_Q42976,October Revolution,event,event,Q42976,https://www.wikidata.org/wiki/Q42976,October Revolution,Октябрьская революция,second of two 1917 revolutions in Russia,"социалистическая революция, произошедшая в Российской республике 25-26 октября (по новому стилю 7-8 ноября) 1917 года",Russia,Russia,Q159,text_country_context,1917.0,117,very_high,historical_or_political,local_validated,wikidata,Q42976,False,Октябрьская революция,manual_mapping_v1,False,Октябрьская революция,,,False,,
aist_cis_event_Q15860072,Russo-Ukrainian War,event,event,Q15860072,https://www.wikidata.org/wiki/Q15860072,Russo-Ukrainian War,Российско-украинская война,armed conflict between Russia and Ukraine since 2014,"российская вооружённая агрессия против Украины, начатая 20 февраля 2014 года",Russia,Russia,Q159,country,2014.0,117,very_high,historical_or_political,local_validated,wikidata,Q15860072,False,российско-украинская война,manual_mapping_v1,False,российско-украинская война,,,False,,
aist_cis_event_Q79911,Russian Civil War,event,event,Q79911,https://www.wikidata.org/wiki/Q79911,Russian Civil War,Гражданская война в России,"multi-sided civil war in the former Russian Empire, November 1917-October 1922","вооружённый конфликт 1917—1922 годов на территории бывшей Российской империи между Советской властью, Белым движением и другими организация",Russia,Russia,Q159,text_country_context,1917.0,102,very_high,historical_or_political,local_validated,wikidata,Q79911,False,Гражданская война в России,manual_mapping_v1,False,Гражданская война в России,,,False,,
aist_cis_event_Q254106,Crimean War,event,event,Q254106,https://www.wikidata.org/wiki/Q254106,Crimean War,Крымская война,military conflict fought between October 1853 – March 1856,война 1853—1856 годов между Россией и протурецкой коалицией ряда европейских государств,Russia,Russia,Q159,text_country_context,1853.0,100,very_high,historical_or_political,local_validated,wikidata,Q254106,False,Крымская война,manual_mapping_v1,False,Крымская война,,,False,,
aist_cis_event_Q159950,Russo-Japanese War,event,event,Q159950,https://www.wikidata.org/wiki/Q159950,Russo-Japanese War,Русско-японская война,conflict between the Russian and Japanese empires from 1904 to 1905,война между Российской и Японской империями в 1904—1905 годах,Russia,Russia,Q159,text_country_context,1904.0,92,high,historical_or_political,local_validated,wikidata,Q159950,True,русско-японская война,manual_mapping_v1,True,русско-японская война,"широкое историческое событие: война Российской империи, не узко СНГ-объект, но связана с российским/имперским историческим контекстом",оставлена как broad historical target с региональной релевантностью через российский исторический контекст,True,"широкое историческое событие: война Российской империи, не узко СНГ-объект, но связана с российским/имперским историческим контекстом",оставлена как broad historical target с региональной релевантностью через российский исторический контекст
aist_cis_event_Q189266,Eastern Front,event,event,Q189266,https://www.wikidata.org/wiki/Q189266,Eastern Front,Великая Отечественная война,1941–1945 World War II theater,советско-германский театр Второй мировой войны,Russia,Russia,Q159,text_country_context,1941.0,90,high,historical_or_political,local_validated,wikidata,Q189266,True,Восточный фронт Второй мировой войны,manual_mapping_v1,True,Восточный фронт Второй мировой войны,"широкое историческое событие: театр Второй мировой войны, центральный для советской, российской, белорусской и украинской исторической памяти",оставлен как broad historical target постсоветской исторической памяти,True,"широкое историческое событие: театр Второй мировой войны, центральный для советской, российской, белорусской и украинской исторической памяти",оставлен как broad historical target постсоветской исторической памяти
aist_cis_event_Q15224558,Euromaidan,event,event,Q15224558,https://www.wikidata.org/wiki/Q15224558,Euromaidan,Евромайдан,2013–2014 pro-european protests in Ukraine,протесты на Украине с 30 ноября 2013 года по 22 февраля 2014 года,Ukraine,Ukraine,Q212,country,2014.0,76,high,historical_or_political,local_validated,wikidata,Q15224558,False,Евромайдан,manual_mapping_v1,False,Евромайдан,,,False,,
aist_cis_event_Q16335075,War in Donbas,event,event,Q16335075,https://www.wikidata.org/wiki/Q16335075,War in Donbas,война в Донбассе,2014–2022 war between Ukraine and Russia in the Donbas region of Ukraine,"вооружённый конфликт на востоке Украины в Донецкой и Луганской областях, длившийся с 2014 по 2022 год",Ukraine,Ukraine,Q212,country,2014.0,73,high,historical_or_political,local_validated,wikidata,Q16335075,False,война в Донбассе,manual_mapping_v1,False,война в Донбассе,,,False,,
aist_cis_event_Q631991,Russo-Polish War,event,event,Q631991,https://www.wikidata.org/wiki/Q631991,Russo-Polish War,Русско-польская война 1654—1667 годов,1654–1667 major conflict between Tsardom of Russia and the Polish-Lithuanian Commonwealth,военный конфликт между Россией и Речью Посполитой за контроль над восточнорусскими землями,Ukraine,Ukraine,Q212,text_country_context,1654.0,40,high,historical_or_political,local_validated,wikidata,Q631991,True,советско-польская война,manual_mapping_v1,True,советско-польская война,"широкое историческое событие: конфликт с участием Советской России и территорий, релевантных современной Беларуси, Украине и региону в целом",оставлена как событие постимперского/раннесоветского контекста,True,"широкое историческое событие: конфликт с участием Советской России и территорий, релевантных современной Беларуси, Украине и региону в целом",оставлена как событие постимперского/раннесоветского контекста
aist_cis_event_Q660004,Second Russo-Turkish War,event,event,Q660004,https://www.wikidata.org/wiki/Q660004,Second Russo-Turkish War,Русско-турецкая война 1672—1681 годов,1676-1681 war between the Tsardom of Russia and the Ottoman Empire,,Ukraine,Ukraine,Q212,country,1676.0,37,medium,historical_or_political,local_validated,wikidata,Q660004,True,вторая русско-турецкая война,manual_mapping_v1,True,вторая русско-турецкая война,"широкое историческое событие: конфликт Российской империи, связанный с черноморским, кавказским и имперским контекстом региона","оставлена как broad historical target, но страновая привязка требует осторожной интерпретации",True,"широкое историческое событие: конфликт Российской империи, связанный с черноморским, кавказским и имперским контекстом региона","оставлена как broad historical target, но страновая привязка требует осторожной интерпретации"
aist_cis_event_manual_UA_chernobyl_disaster,Chernobyl disaster,event,event,,,Chernobyl disaster,,curated fallback seed for balanced CIS coverage,,Ukraine,Ukraine,Q212,curated_country_category_seed,1986.0,0,curated_seed,historical_or_political,curated_seed,manual_seed_catalog,,False,Чернобыльская катастрофа,manual_mapping_v1,False,Чернобыльская катастрофа,,,False,,
aist_cis_event_manual_UA_dissolution_of_the_soviet_union,Dissolution of the Soviet Union,event,event,,,Dissolution of the Soviet Union,,curated fallback seed for balanced CIS coverage,,Ukraine,Ukraine,Q212,curated_country_category_seed,1991.0,0,curated_seed,historical_or_political,curated_seed,manual_seed_catalog,,False,распад СССР,manual_mapping_v1,False,распад СССР,,,False,,
aist_cis_event_manual_UZ_andijan_massacre,Andijan massacre,event,event,,,Andijan massacre,,curated fallback seed for balanced CIS coverage,,Uzbekistan,Uzbekistan,Q265,curated_country_category_seed,2005.0,0,curated_seed,historical_or_political,curated_seed,manual_seed_catalog,,False,Андижанские события,manual_mapping_v1,False,Андижанские события,,,False,,
aist_cis_event_manual_UZ_basmachi_movement_in_uzbekistan,Basmachi movement in Uzbekistan,event,event,,,Basmachi movement in Uzbekistan,,curated fallback seed for balanced CIS coverage,,Uzbekistan,Uzbekistan,Q265,manual_country_qualified_event_context,1916.0,0,curated_seed,historical_or_political,curated_seed,manual_seed_catalog,,False,басмаческое движение в Узбекистане,manual_mapping_v1,False,басмаческое движение в Узбекистане,,,False,,
aist_cis_event_manual_UZ_kokand_autonomy,Kokand autonomy,event,event,,,Kokand autonomy,,curated fallback seed for balanced CIS coverage,,Uzbekistan,Uzbekistan,Q265,curated_country_category_seed,1917.0,0,curated_seed,historical_or_political,curated_seed,manual_seed_catalog,,False,Кокандская автономия,manual_mapping_v1,False,Кокандская автономия,,,False,,
aist_cis_event_manual_UZ_tashkent_earthquake,Tashkent earthquake,event,event,,,Tashkent earthquake,,curated fallback seed for balanced CIS coverage,,Uzbekistan,Uzbekistan,Q265,curated_country_category_seed,1966.0,0,curated_seed,historical_or_political,curated_seed,manual_seed_catalog,,False,Ташкентское землетрясение,manual_mapping_v1,False,Ташкентское землетрясение,,,False,,
aist_cis_event_manual_UZ_uzbekistan_independence,Uzbekistan independence,event,event,,,Uzbekistan independence,,curated fallback seed for balanced CIS coverage,,Uzbekistan,Uzbekistan,Q265,curated_country_category_seed,1991.0,0,curated_seed,historical_or_political,curated_seed,manual_seed_catalog,,False,независимость Узбекистана,manual_mapping_v1,False,независимость Узбекистана,,,False,,
aist_cis_event_manual_UZ_uzbekistan_independence_referendum,Uzbekistan independence referendum,event,event,,,Uzbekistan independence referendum,,curated fallback seed for balanced CIS coverage,,Uzbekistan,Uzbekistan,Q265,curated_country_category_seed,1991.0,0,curated_seed,historical_or_political,curated_seed,manual_seed_catalog,,False,референдум о независимости Узбекистана,manual_mapping_v1,False,референдум о независимости Узбекистана,,,False,,
aist_cis_event_Q110413718,2022 Kazakh unrest,event,event,Q110413718,https://www.wikidata.org/wiki/Q110413718,2022 Kazakh unrest,Протесты в Казахстане (2022),series of protests in Kazakhstan that began on 2 January 2022 after an LPG price increase,"протесты в городах Казахстана, начавшиеся 2 января 2022 года и спровоцированные повышением цен на сжиженный газ",Kazakhstan,Kazakhstan,Q232,country,2022.0,52,high,historical_or_political,local_validated,wikidata,Q110413718,False,январские события 2022 года в Казахстане,manual_mapping_v1,False,январские события 2022 года в Казахстане,,,False,,
aist_cis_event_manual_KZ_battle_of_orbulak,Battle of Orbulak,event,event,,,Battle of Orbulak,,curated manual preprocessing seed for balanced event coverage,,Kazakhstan,Kazakhstan,Q232,manual_preprocessing_event_seed,1643.0,0,curated_seed,historical_or_political,curated_seed,manual_preprocessing_seed,,False,Орбулакская битва,manual_mapping_v1,False,Орбулакская битва,,,False,,
aist_cis_event_manual_KZ_kazakh_famine_of_1930_1933,Kazakh famine of 1930-1933,event,event,,,Kazakh famine of 1930-1933,,curated fallback seed for balanced CIS coverage,,Kazakhstan,Kazakhstan,Q232,curated_country_category_seed,1930.0,0,curated_seed,historical_or_political,curated_seed,manual_seed_catalog,,False,голод в Казахстане 1930–1933 годов,manual_mapping_v1,False,голод в Казахстане 1930–1933 годов,,,False,,
aist_cis_event_manual_KZ_kazakhstan_constitutional_referendum,Kazakhstan constitutional referendum,event,event,,,Kazakhstan constitutional referendum,,curated manual preprocessing seed for balanced event coverage,,Kazakhstan,Kazakhstan,Q232,manual_preprocessing_event_seed,1995.0,0,curated_seed,historical_or_political,curated_seed,manual_preprocessing_seed,,False,конституционный референдум в Казахстане,manual_mapping_v1,False,конституционный референдум в Казахстане,,,False,,
aist_cis_event_manual_KZ_kazakhstan_independence,Kazakhstan independence,event,event,,,Kazakhstan independence,,curated fallback seed for balanced CIS coverage,,Kazakhstan,Kazakhstan,Q232,curated_country_category_seed,1991.0,0,curated_seed,historical_or_political,curated_seed,manual_seed_catalog,,False,независимость Казахстана,manual_mapping_v1,False,независимость Казахстана,,,False,,
aist_cis_event_manual_KZ_kenesary_kasymov_rebellion,Kenesary Kasymov rebellion,event,event,,,Kenesary Kasymov rebellion,,curated fallback seed for balanced CIS coverage,,Kazakhstan,Kazakhstan,Q232,curated_country_category_seed,1837.0,0,curated_seed,historical_or_political,curated_seed,manual_seed_catalog,,False,восстание Кенесары Касымова,manual_mapping_v1,False,восстание Кенесары Касымова,,,False,,
aist_cis_event_Q381375,First Nagorno-Karabakh War,event,event,Q381375,https://www.wikidata.org/wiki/Q381375,First Nagorno-Karabakh War,Первая карабахская война,armed conflict that took place in the late 1980s to May 1994,боевые действия между азербайджанскими и армянскими вооружёнными формированиями,Azerbaijan,Azerbaijan,Q227,participant_country,1988.0,67,high,historical_or_political,local_validated,wikidata,Q381375,False,первая карабахская война,manual_mapping_v1,False,первая карабахская война,,,False,,
aist_cis_event_Q16954835,Nagorno-Karabakh conflict,event,event,Q16954835,https://www.wikidata.org/wiki/Q16954835,Nagorno-Karabakh conflict,Карабахский конфликт,ethnic and territorial conflict between Armenia and Azerbaijan,этнополитический конфликт в Закавказье между азербайджанцами и армянами,Azerbaijan,Azerbaijan,Q227,text_country_context,1988.0,49,high,historical_or_political,local_validated,wikidata,Q16954835,True,нагорно-карабахский конфликт,manual_mapping_v1,True,нагорно-карабахский конфликт,"чувствительный спорный объект: южнокавказский конфликт, центральный для армяно-азербайджанской и постсоветской региональной политики",оставлен как высокочувствительный конфликтный target; результаты лучше анализировать агрегированно,True,"чувствительный спорный объект: южнокавказский конфликт, центральный для армяно-азербайджанской и постсоветской региональной политики",оставлен как высокочувствительный конфликтный target; результаты лучше анализировать агрегированно
aist_cis_event_Q99659280,Second Nagorno-Karabakh War,event,event,Q99659280,https://www.wikidata.org/wiki/Q99659280,Second Nagorno-Karabakh War,Вторая карабахская война,armed conflict in South Caucasus,война Азербайджана с непризнанной Нагорно-Карабахской Республикой и Арменией,Azerbaijan,Azerbaijan,Q227,country,2020.0,73,high,historical_or_political,wikidata_validated,wikidata,Q99659280,False,вторая карабахская война,manual_mapping_v1,False,вторая карабахская война,,,False,,
aist_cis_event_manual_AZ_azerbaijan_independence_referendum,Azerbaijan independence referendum,event,event,,,Azerbaijan independence referendum,,curated fallback seed for balanced CIS coverage,,Azerbaijan,Azerbaijan,Q227,curated_country_category_seed,1991.0,0,curated_seed,historical_or_political,curated_seed,manual_seed_catalog,,False,референдум о независимости Азербайджана,manual_mapping_v1,False,референдум о независимости Азербайджана,,,False,,
aist_cis_event_manual_AZ_baku_earthquake_of_2000,Baku earthquake of 2000,event,event,,,Baku earthquake of 2000,,curated fallback seed for balanced CIS coverage,,Azerbaijan,Azerbaijan,Q227,curated_country_category_seed,2000.0,0,curated_seed,historical_or_political,curated_seed,manual_seed_catalog,,False,Бакинское землетрясение 2000 года,manual_mapping_v1,False,Бакинское землетрясение 2000 года,,,False,,
aist_cis_event_manual_AZ_black_january,Black January,event,event,,,Black January,,curated fallback seed for balanced CIS coverage,,Azerbaijan,Azerbaijan,Q227,curated_country_category_seed,1990.0,0,curated_seed,historical_or_political,curated_seed,manual_seed_catalog,,False,Чёрный январь,manual_mapping_v1,False,Чёрный январь,,,False,,
aist_cis_event_manual_TJ_1992_tajikistani_presidential_election,1992 Tajikistani presidential election,event,event,,,1992 Tajikistani presidential election,,curated fallback seed for balanced CIS coverage,,Tajikistan,Tajikistan,Q863,curated_country_category_seed,1992.0,0,curated_seed,historical_or_political,curated_seed,manual_seed_catalog,,False,президентские выборы в Таджикистане 1992 года,manual_mapping_v1,False,президентские выборы в Таджикистане 1992 года,,,False,,
aist_cis_event_manual_TJ_basmachi_movement_in_tajikistan,Basmachi movement in Tajikistan,event,event,,,Basmachi movement in Tajikistan,,curated fallback seed for balanced CIS coverage,,Tajikistan,Tajikistan,Q863,manual_country_qualified_event_context,1916.0,0,curated_seed,historical_or_political,curated_seed,manual_seed_catalog,,False,басмаческое движение в Таджикистане,manual_mapping_v1,False,басмаческое движение в Таджикистане,,,False,,
aist_cis_event_manual_TJ_dushanbe_riots,Dushanbe riots,event,event,,,Dushanbe riots,,curated manual preprocessing seed for balanced event coverage,,Tajikistan,Tajikistan,Q863,manual_preprocessing_event_seed,1990.0,0,curated_seed,historical_or_political,curated_seed,manual_preprocessing_seed,,False,душанбинские беспорядки,manual_mapping_v1,False,душанбинские беспорядки,,,False,,
aist_cis_event_manual_TJ_kulob_earthquake,Kulob earthquake,event,event,,,Kulob earthquake,,curated fallback seed for balanced CIS coverage,,Tajikistan,Tajikistan,Q863,curated_country_category_seed,2006.0,0,curated_seed,historical_or_political,curated_seed,manual_seed_catalog,,False,Кулябское землетрясение,manual_mapping_v1,False,Кулябское землетрясение,,,False,,
aist_cis_event_manual_TJ_tajik_constitutional_referendum,Tajik constitutional referendum,event,event,,,Tajik constitutional referendum,,curated manual preprocessing seed for balanced event coverage,,Tajikistan,Tajikistan,Q863,manual_preprocessing_event_seed,1994.0,0,curated_seed,historical_or_political,curated_seed,manual_preprocessing_seed,,False,конституционный референдум в Таджикистане,manual_mapping_v1,False,конституционный референдум в Таджикистане,,,False,,
aist_cis_event_manual_TJ_tajikistan_independence,Tajikistan independence,event,event,,,Tajikistan independence,,curated fallback seed for balanced CIS coverage,,Tajikistan,Tajikistan,Q863,curated_country_category_seed,1991.0,0,curated_seed,historical_or_political,curated_seed,manual_seed_catalog,,False,независимость Таджикистана,manual_mapping_v1,False,независимость Таджикистана,,,False,,
aist_cis_event_manual_BY_2020_belarusian_protests,2020 Belarusian protests,event,event,,,2020 Belarusian protests,,curated fallback seed for balanced CIS coverage,,Belarus,Belarus,Q184,curated_country_category_seed,2020.0,0,curated_seed,historical_or_political,curated_seed,manual_seed_catalog,,False,протесты в Беларуси 2020 года,manual_mapping_v1,False,протесты в Беларуси 2020 года,,,False,,
aist_cis_event_manual_BY_battle_of_minsk,Battle of Minsk,event,event,,,Battle of Minsk,,curated fallback seed for balanced CIS coverage,,Belarus,Belarus,Q184,curated_country_category_seed,1941.0,0,curated_seed,historical_or_political,curated_seed,manual_seed_catalog,,False,битва за Минск,manual_mapping_v1,False,битва за Минск,,,False,,
aist_cis_event_manual_BY_belarusian_independence_referendum,Belarusian independence referendum,event,event,,,Belarusian independence referendum,,curated fallback seed for balanced CIS coverage,,Belarus,Belarus,Q184,curated_country_category_seed,1991.0,0,curated_seed,historical_or_political,curated_seed,manual_seed_catalog,,False,референдум о независимости Беларуси,manual_mapping_v1,False,референдум о независимости Беларуси,,,False,,
aist_cis_event_manual_BY_impact_of_the_chernobyl_disaster_in_belarus,Impact of the Chernobyl disaster in Belarus,event,event,,,Impact of the Chernobyl disaster in Belarus,,Belarus-specific impact of the 1986 Chernobyl disaster,,Belarus,Belarus,Q184,manual_affected_country_context,1986.0,0,curated_seed,historical_or_political,curated_seed,manual_seed_catalog,,False,последствия Чернобыльской катастрофы в Беларуси,manual_mapping_v1,False,последствия Чернобыльской катастрофы в Беларуси,,,False,,
aist_cis_event_manual_BY_operation_bagration,Operation Bagration,event,event,,,Operation Bagration,,curated fallback seed for balanced CIS coverage,,Belarus,Belarus,Q184,curated_country_category_seed,1944.0,0,curated_seed,historical_or_political,curated_seed,manual_seed_catalog,,False,операция «Багратион»,manual_mapping_v1,False,операция «Багратион»,,,False,,
aist_cis_event_manual_BY_slutsk_uprising,Slutsk uprising,event,event,,,Slutsk uprising,,curated fallback seed for balanced CIS coverage,,Belarus,Belarus,Q184,curated_country_category_seed,1920.0,0,curated_seed,historical_or_political,curated_seed,manual_seed_catalog,,False,Слуцкое восстание,manual_mapping_v1,False,Слуцкое восстание,,,False,,
aist_cis_event_Q236023,Kyrgyz Revolution of 2010,event,event,Q236023,https://www.wikidata.org/wiki/Q236023,Kyrgyz Revolution of 2010,Революция в Кыргызстане,revolution,протесты против власти в Кыргызстане,Kyrgyzstan,Kyrgyzstan,Q813,country,2010.0,37,medium,historical_or_political,local_validated,wikidata,Q236023,False,революция в Кыргызстане 2010 года,manual_mapping_v1,False,революция в Кыргызстане 2010 года,,,False,,
aist_cis_event_Q99979519,2020 Kyrgyz Revolution,event,event,Q99979519,https://www.wikidata.org/wiki/Q99979519,2020 Kyrgyz Revolution,Революция в Кыргызстане (2020),protests in response to the 2020 Kyrygz Parliamentary Election,"акции протеста, начавшиеся 5 октября 2020 года на территории Кыргызстана",Kyrgyzstan,Kyrgyzstan,Q813,country,2020.0,31,medium,historical_or_political,wikidata_validated,wikidata,Q99979519,False,революция в Кыргызстане 2020 года,manual_mapping_v1,False,революция в Кыргызстане 2020 года,,,False,,
aist_cis_event_manual_KG_batken_conflict,Batken conflict,event,event,,,Batken conflict,,curated fallback seed for balanced CIS coverage,,Kyrgyzstan,Kyrgyzstan,Q813,curated_country_category_seed,1999.0,0,curated_seed,historical_or_political,curated_seed,manual_seed_catalog,,False,Баткенский конфликт,manual_mapping_v1,False,Баткенский конфликт,,,False,,
aist_cis_event_manual_KG_kyrgyzstan_independence,Kyrgyzstan independence,event,event,,,Kyrgyzstan independence,,curated fallback seed for balanced CIS coverage,,Kyrgyzstan,Kyrgyzstan,Q813,curated_country_category_seed,1991.0,0,curated_seed,historical_or_political,curated_seed,manual_seed_catalog,,False,независимость Кыргызстана,manual_mapping_v1,False,независимость Кыргызстана,,,False,,
aist_cis_event_manual_KG_osh_riots,Osh riots,event,event,,,Osh riots,,curated fallback seed for balanced CIS coverage,,Kyrgyzstan,Kyrgyzstan,Q813,curated_country_category_seed,2010.0,0,curated_seed,historical_or_political,curated_seed,manual_seed_catalog,,False,Ошские события,manual_mapping_v1,False,Ошские события,,,False,,
aist_cis_event_manual_KG_tulip_revolution,Tulip Revolution,event,event,,,Tulip Revolution,,curated fallback seed for balanced CIS coverage,,Kyrgyzstan,Kyrgyzstan,Q813,curated_country_category_seed,2005.0,0,curated_seed,historical_or_political,curated_seed,manual_seed_catalog,,False,Тюльпановая революция,manual_mapping_v1,False,Тюльпановая революция,,,False,,
aist_cis_event_manual_TM_annexation_of_merv,Annexation of Merv,event,event,,,Annexation of Merv,,curated fallback seed for balanced CIS coverage,,Turkmenistan,Turkmenistan,Q874,curated_country_category_seed,1884.0,0,curated_seed,historical_or_political,curated_seed,manual_seed_catalog,,False,присоединение Мерва,manual_mapping_v1,False,присоединение Мерва,,,False,,
aist_cis_event_manual_TM_ashgabat_earthquake_of_1948,Ashgabat earthquake of 1948,event,event,,,Ashgabat earthquake of 1948,,curated fallback seed for balanced CIS coverage,,Turkmenistan,Turkmenistan,Q874,curated_country_category_seed,1948.0,0,curated_seed,historical_or_political,curated_seed,manual_seed_catalog,,False,Ашхабадское землетрясение 1948 года,manual_mapping_v1,False,Ашхабадское землетрясение 1948 года,,,False,,
aist_cis_event_manual_TM_battle_of_dandanaqan,Battle of Dandanaqan,event,event,,,Battle of Dandanaqan,,curated fallback seed for balanced CIS coverage,,Turkmenistan,Turkmenistan,Q874,curated_country_category_seed,1040.0,0,curated_seed,historical_or_political,curated_seed,manual_seed_catalog,,False,битва при Данданакане,manual_mapping_v1,False,битва при Данданакане,,,False,,
aist_cis_event_manual_TM_battle_of_geok_tepe,Battle of Geok Tepe,event,event,,,Battle of Geok Tepe,,curated fallback seed for balanced CIS coverage,,Turkmenistan,Turkmenistan,Q874,curated_country_category_seed,1881.0,0,curated_seed,historical_or_political,curated_seed,manual_seed_catalog,,False,битва при Геок-Тепе,manual_mapping_v1,False,битва при Геок-Тепе,,,False,,
aist_cis_event_manual_TM_permanent_neutrality_of_turkmenistan,Permanent neutrality of Turkmenistan,event,event,,,Permanent neutrality of Turkmenistan,,international recognition of Turkmenistan's permanent neutrality in 1995,,Turkmenistan,Turkmenistan,Q874,curated_country_category_seed,1995.0,0,curated_seed,historical_or_political,curated_seed,manual_seed_catalog,,False,постоянный нейтралитет Туркменистана,manual_mapping_v1,False,постоянный нейтралитет Туркменистана,,,False,,
aist_cis_event_manual_TM_turkmenistan_independence,Turkmenistan independence,event,event,,,Turkmenistan independence,,curated fallback seed for balanced CIS coverage,,Turkmenistan,Turkmenistan,Q874,curated_country_category_seed,1991.0,0,curated_seed,historical_or_political,curated_seed,manual_seed_catalog,,False,независимость Туркменистана,manual_mapping_v1,False,независимость Туркменистана,,,False,,
aist_cis_event_Q620735,Russo-Georgian War,event,event,Q620735,https://www.wikidata.org/wiki/Q620735,Russo-Georgian War,война в Грузии,2008 Russian invasion of Georgia,вторжение РФ в Грузию 2008 года,Georgia,Georgia,Q230,participant_country,2008.0,83,high,historical_or_political,local_validated,wikidata,Q620735,False,российско-грузинская война,manual_mapping_v1,False,российско-грузинская война,,,False,,
aist_cis_event_Q219470,Rose Revolution,event,event,Q219470,https://www.wikidata.org/wiki/Q219470,Rose Revolution,Революция роз,2003 popular uprising against corrupt leadership in Georgia,смена власти в Грузии на фоне фальсификации выборов (ноябрь 2003 года),Georgia,Georgia,Q230,country,2003.0,52,high,historical_or_political,local_validated,wikidata,Q219470,False,Революция роз,manual_mapping_v1,False,Революция роз,,,False,,
aist_cis_event_Q1209169,War in Abkhazia,event,event,Q1209169,https://www.wikidata.org/wiki/Q1209169,War in Abkhazia,война в Абхазии,war in Abkhazia from 1992 to 1993,вооружённый конфликт на территории Абхазии в 1992—1993 годах,Georgia,Georgia,Q230,participant_country,1992.0,37,medium,historical_or_political,local_validated,wikidata,Q1209169,False,война в Абхазии,manual_mapping_v1,False,война в Абхазии,,,False,,
aist_cis_event_Q29242,Georgian–Ossetian conflict,event,event,Q29242,https://www.wikidata.org/wiki/Q29242,Georgian–Ossetian conflict,грузино-южноосетинский конфликт,ethno-political conflict over Georgia's autonomous region of South Ossetia,этнополитический конфликт,Georgia,Georgia,Q230,participant_country,1989.0,30,medium,historical_or_political,local_validated,wikidata,Q29242,False,грузино-осетинский конфликт,manual_mapping_v1,False,грузино-осетинский конфликт,,,False,,
aist_cis_event_manual_GE_1991_georgian_coup_d_etat,1991 Georgian coup d'état,event,event,,,1991 Georgian coup d'état,,curated fallback seed for balanced CIS coverage,,Georgia,Georgia,Q230,curated_country_category_seed,1991.0,0,curated_seed,historical_or_political,curated_seed,manual_seed_catalog,,False,государственный переворот в Грузии 1991 года,manual_mapping_v1,False,государственный переворот в Грузии 1991 года,,,False,,
aist_cis_event_manual_GE_battle_of_didgori,Battle of Didgori,event,event,,,Battle of Didgori,,curated fallback seed for balanced CIS coverage,,Georgia,Georgia,Q230,curated_country_category_seed,1121.0,0,curated_seed,historical_or_political,curated_seed,manual_seed_catalog,,False,Дидгорская битва,manual_mapping_v1,False,Дидгорская битва,,,False,,
aist_cis_event_Q51846024,2018 Armenian Revolution,event,event,Q51846024,https://www.wikidata.org/wiki/Q51846024,2018 Armenian Revolution,Протесты в Армении,protests against Prime Minister Sersch Sargsyan and the government in Armenia in April and May 2018,смена власти в Армении в 2018 году,Armenia,Armenia,Q399,country,2018.0,33,medium,historical_or_political,local_validated,wikidata,Q51846024,False,революция в Армении 2018 года,manual_mapping_v1,False,революция в Армении 2018 года,,,False,,
aist_cis_event_manual_AM_armenian_genocide,Armenian Genocide,event,event,,,Armenian Genocide,,curated fallback seed for balanced CIS coverage,,Armenia,Armenia,Q399,curated_country_category_seed,1915.0,0,curated_seed,historical_or_political,curated_seed,manual_seed_catalog,,False,геноцид армян,manual_mapping_v1,False,геноцид армян,,,False,,
aist_cis_event_manual_AM_armenian_independence_referendum,Armenian independence referendum,event,event,,,Armenian independence referendum,,curated fallback seed for balanced CIS coverage,,Armenia,Armenia,Q399,curated_country_category_seed,1991.0,0,curated_seed,historical_or_political,curated_seed,manual_seed_catalog,,False,референдум о независимости Армении,manual_mapping_v1,False,референдум о независимости Армении,,,False,,
aist_cis_event_manual_AM_battle_of_sardarabad,Battle of Sardarabad,event,event,,,Battle of Sardarabad,,curated fallback seed for balanced CIS coverage,,Armenia,Armenia,Q399,curated_country_category_seed,1918.0,0,curated_seed,historical_or_political,curated_seed,manual_seed_catalog,,False,Сардарапатская битва,manual_mapping_v1,False,Сардарапатская битва,,,False,,
aist_cis_event_manual_AM_spitak_earthquake,Spitak earthquake,event,event,Q785479,https://www.wikidata.org/wiki/Q785479,Spitak earthquake,Спитакское землетрясение,1988 earthquake in northern Armenia,землетрясение 1988 года на севере Армении,Armenia,Armenia,Q399,manual_replacement_for_contextual_duplicate,1988.0,0,curated_seed,historical_or_political,curated_seed,manual_seed_catalog,manual_AM_spitak_earthquake,False,Спитакское землетрясение,manual_mapping_v2,False,Спитакское землетрясение,,,False,,
aist_cis_event_manual_MD_2009_moldova_civil_unrest,2009 Moldova civil unrest,event,event,,,2009 Moldova civil unrest,,curated fallback seed for balanced CIS coverage,,Moldova,Moldova,Q217,curated_country_category_seed,2009.0,0,curated_seed,historical_or_political,curated_seed,manual_seed_catalog,,False,массовые беспорядки в Молдове 2009 года,manual_mapping_v1,False,массовые беспорядки в Молдове 2009 года,,,False,,
aist_cis_event_manual_MD_battle_of_tighina,Battle of Tighina,event,event,,,Battle of Tighina,,curated fallback seed for balanced CIS coverage,,Moldova,Moldova,Q217,curated_country_category_seed,1992.0,0,curated_seed,historical_or_political,curated_seed,manual_seed_catalog,,False,битва за Бендеры,manual_mapping_v1,False,битва за Бендеры,,,False,,
aist_cis_event_manual_MD_gagauz_autonomy_referendum,Gagauz autonomy referendum,event,event,,,Gagauz autonomy referendum,,curated manual preprocessing seed for balanced event coverage,,Moldova,Moldova,Q217,manual_preprocessing_event_seed,1994.0,0,curated_seed,historical_or_political,curated_seed,manual_preprocessing_seed,,False,референдум об автономии Гагаузии,manual_mapping_v1,False,референдум об автономии Гагаузии,,,False,,
aist_cis_event_manual_MD_moldovan_constitutional_referendum,Moldovan constitutional referendum,event,event,,,Moldovan constitutional referendum,,curated manual preprocessing seed for balanced event coverage,,Moldova,Moldova,Q217,manual_preprocessing_event_seed,1994.0,0,curated_seed,historical_or_political,curated_seed,manual_preprocessing_seed,,False,конституционный референдум в Молдове,manual_mapping_v1,False,конституционный референдум в Молдове,,,False,,
aist_cis_event_manual_MD_moldovan_independence,Moldovan independence,event,event,,,Moldovan independence,,curated fallback seed for balanced CIS coverage,,Moldova,Moldova,Q217,curated_country_category_seed,1991.0,0,curated_seed,historical_or_political,curated_seed,manual_seed_catalog,,False,независимость Молдовы,manual_mapping_v1,False,независимость Молдовы,,,False,,
aist_cis_cultural_symbol_or_place_unesco_ich_RU_17,Cultural space and oral culture of the Semeiskie,cultural_symbol_or_place,cultural_symbol_or_place,,,Cultural space and oral culture of the Semeiskie,,Representative List,,Russia,Russia,Q159,unesco_ich_country_iso,,0,source_priority,cultural,unesco_seed,unesco_ich,17,False,культурное пространство и устная культура семейских,manual_mapping_v1,False,культурное пространство и устная культура семейских,,,False,,
aist_cis_cultural_symbol_or_place_unesco_ich_RU_145,"Olonkho, Yakut heroic epos",cultural_symbol_or_place,cultural_symbol_or_place,,,"Olonkho, Yakut heroic epos",,Representative List,,Russia,Russia,Q159,unesco_ich_country_iso,,0,source_priority,cultural,unesco_seed,unesco_ich,145,False,Олонхо — якутский героический эпос,manual_mapping_v1,False,Олонхо — якутский героический эпос,,,False,,
aist_cis_cultural_symbol_or_place_Q132783,Hermitage Museum,cultural_symbol_or_place,cultural_symbol_or_place,Q132783,https://www.wikidata.org/wiki/Q132783,Hermitage Museum,Государственный Эрмитаж,"museum in Saint Petersburg, Russia",крупнейший в России и мире художественный и культурно-исторический музей в Санкт-Петербурге,Russia,Russia,Q159,country,,86,high,cultural,wikidata_validated,wikidata,Q132783,False,Эрмитаж,manual_mapping_v1,False,Эрмитаж,,,False,,
aist_cis_cultural_symbol_or_place_manual_RU_bolshoi_theatre,Bolshoi Theatre,cultural_symbol_or_place,cultural_symbol_or_place,,,Bolshoi Theatre,,curated fallback seed for balanced CIS coverage,,Russia,Russia,Q159,curated_country_category_seed,,0,curated_seed,cultural,curated_seed,manual_seed_catalog,,False,Большой театр,manual_mapping_v1,False,Большой театр,,,False,,
aist_cis_cultural_symbol_or_place_manual_RU_kizhi_pogost,Kizhi Pogost,cultural_symbol_or_place,cultural_symbol_or_place,,,Kizhi Pogost,,curated fallback seed for balanced CIS coverage,,Russia,Russia,Q159,curated_country_category_seed,,0,curated_seed,cultural,curated_seed,manual_seed_catalog,,False,Кижский погост,manual_mapping_v1,False,Кижский погост,,,False,,
aist_cis_cultural_symbol_or_place_manual_RU_lake_baikal,Lake Baikal,cultural_symbol_or_place,cultural_symbol_or_place,,,Lake Baikal,,curated fallback seed for balanced CIS coverage,,Russia,Russia,Q159,curated_country_category_seed,,0,curated_seed,cultural,curated_seed,manual_seed_catalog,,False,озеро Байкал,manual_mapping_v1,False,озеро Байкал,,,False,,
aist_cis_cultural_symbol_or_place_manual_RU_moscow_kremlin,Moscow Kremlin,cultural_symbol_or_place,cultural_symbol_or_place,,,Moscow Kremlin,,curated fallback seed for balanced CIS coverage,,Russia,Russia,Q159,curated_country_category_seed,,0,curated_seed,cultural,curated_seed,manual_seed_catalog,,False,Московский Кремль,manual_mapping_v1,False,Московский Кремль,,,False,,
aist_cis_cultural_symbol_or_place_manual_RU_peterhof_palace,Peterhof Palace,cultural_symbol_or_place,cultural_symbol_or_place,,,Peterhof Palace,,curated fallback seed for balanced CIS coverage,,Russia,Russia,Q159,curated_country_category_seed,,0,curated_seed,cultural,curated_seed,manual_seed_catalog,,False,Петергоф,manual_mapping_v1,False,Петергоф,,,False,,
aist_cis_cultural_symbol_or_place_manual_RU_red_square,Red Square,cultural_symbol_or_place,cultural_symbol_or_place,,,Red Square,,curated fallback seed for balanced CIS coverage,,Russia,Russia,Q159,curated_country_category_seed,,0,curated_seed,cultural,curated_seed,manual_seed_catalog,,False,Красная площадь,manual_mapping_v1,False,Красная площадь,,,False,,
aist_cis_cultural_symbol_or_place_manual_RU_saint_basil_s_cathedral,Saint Basil's Cathedral,cultural_symbol_or_place,cultural_symbol_or_place,,,Saint Basil's Cathedral,,curated fallback seed for balanced CIS coverage,,Russia,Russia,Q159,curated_country_category_seed,,0,curated_seed,cultural,curated_seed,manual_seed_catalog,,False,собор Василия Блаженного,manual_mapping_v1,False,собор Василия Блаженного,,,False,,
aist_cis_cultural_symbol_or_place_unesco_chp_UA_585,Akkerman Fortress,cultural_symbol_or_place,cultural_symbol_or_place,,,Akkerman Fortress,,"UNESCO cultural property, inscription year 2025",,Ukraine,Ukraine,Q212,unesco_chp_country_iso,,0,source_priority,cultural,unesco_seed,unesco_chp,585,False,Аккерманская крепость,manual_mapping_v1,False,Аккерманская крепость,,,False,,
aist_cis_cultural_symbol_or_place_unesco_chp_UA_603,Archaeological complex Baida Island,cultural_symbol_or_place,cultural_symbol_or_place,,,Archaeological complex Baida Island,,"UNESCO cultural property, inscription year 2025",,Ukraine,Ukraine,Q212,unesco_chp_country_iso,,0,source_priority,cultural,unesco_seed,unesco_chp,603,False,археологический комплекс острова Байда,manual_mapping_v1,False,археологический комплекс острова Байда,,,False,,
aist_cis_cultural_symbol_or_place_unesco_chp_UA_586,Assumption Cathedral,cultural_symbol_or_place,cultural_symbol_or_place,,,Assumption Cathedral,,"UNESCO cultural property, inscription year 2025",,Ukraine,Ukraine,Q212,unesco_chp_country_iso,,0,source_priority,cultural,unesco_seed,unesco_chp,586,False,Успенский собор,manual_mapping_v1,False,Успенский собор,,,False,,
aist_cis_cultural_symbol_or_place_unesco_chp_UA_587,Borys and Hlib Cathedral,cultural_symbol_or_place,cultural_symbol_or_place,,,Borys and Hlib Cathedral,,"UNESCO cultural property, inscription year 2025",,Ukraine,Ukraine,Q212,unesco_chp_country_iso,,0,source_priority,cultural,unesco_seed,unesco_chp,587,False,Борисоглебский собор,manual_mapping_v1,False,Борисоглебский собор,,,False,,
aist_cis_cultural_symbol_or_place_unesco_ich_UA_1194,Cossack’s songs of Dnipropetrovsk Region,cultural_symbol_or_place,cultural_symbol_or_place,,,Cossack’s songs of Dnipropetrovsk Region,,Urgent Safeguarding List,,Ukraine,Ukraine,Q212,unesco_ich_country_iso,,0,source_priority,cultural,unesco_seed,unesco_ich,1194,False,казацкие песни Днепропетровской области,manual_mapping_v1,False,казацкие песни Днепропетровской области,,,False,,
aist_cis_cultural_symbol_or_place_unesco_chp_UA_523,Cultural Landscape of Canyon in Kamenets-Podilsk,cultural_symbol_or_place,cultural_symbol_or_place,,,Cultural Landscape of Canyon in Kamenets-Podilsk,,"UNESCO cultural property, inscription year 2023",,Ukraine,Ukraine,Q212,unesco_chp_country_iso,,0,source_priority,cultural,unesco_seed,unesco_chp,523,False,культурный ландшафт каньона в Каменце-Подольском,manual_mapping_v1,False,культурный ландшафт каньона в Каменце-Подольском,,,False,,
aist_cis_cultural_symbol_or_place_unesco_ich_UA_1852,Culture of Ukrainian borscht cooking,cultural_symbol_or_place,cultural_symbol_or_place,,,Culture of Ukrainian borscht cooking,,Urgent Safeguarding List,,Ukraine,Ukraine,Q212,unesco_ich_country_iso,,0,source_priority,cultural,unesco_seed,unesco_ich,1852,False,культура приготовления украинского борща,manual_mapping_v1,False,культура приготовления украинского борща,,,False,,
aist_cis_cultural_symbol_or_place_unesco_chp_UA_512,"Dendrological Park ""Sofijivka""",cultural_symbol_or_place,cultural_symbol_or_place,,,"Dendrological Park ""Sofijivka""",,"UNESCO cultural property, inscription year 2023",,Ukraine,Ukraine,Q212,unesco_chp_country_iso,,0,source_priority,cultural,unesco_seed,unesco_chp,512,False,дендрологический парк «Софиевка»,manual_mapping_v1,False,дендрологический парк «Софиевка»,,,False,,
aist_cis_cultural_symbol_or_place_unesco_chp_UA_496,Derzhprom (the State Industry Building),cultural_symbol_or_place,cultural_symbol_or_place,,,Derzhprom (the State Industry Building),,"UNESCO cultural property, inscription year 2023",,Ukraine,Ukraine,Q212,unesco_chp_country_iso,,0,source_priority,cultural,unesco_seed,unesco_chp,496,False,Госпром,manual_mapping_v1,False,Госпром,,,False,,
aist_cis_cultural_symbol_or_place_unesco_chp_UA_500,Drohobych Tserkva of St. Yura (St. George),cultural_symbol_or_place,cultural_symbol_or_place,,,Drohobych Tserkva of St. Yura (St. George),,"UNESCO cultural property, inscription year 2023",,Ukraine,Ukraine,Q212,unesco_chp_country_iso,,0,source_priority,cultural,unesco_seed,unesco_chp,500,False,церковь Святого Юра в Дрогобыче,manual_mapping_v1,False,церковь Святого Юра в Дрогобыче,,,False,,
aist_cis_cultural_symbol_or_place_unesco_ich_UZ_2329,Art of crafting and playing Kobyz,cultural_symbol_or_place,cultural_symbol_or_place,,,Art of crafting and playing Kobyz,,Urgent Safeguarding List,,Uzbekistan,Uzbekistan,Q265,unesco_ich_country_iso,,0,source_priority,cultural,unesco_seed,unesco_ich,2329,False,искусство изготовления и игры на кобызе,manual_mapping_v1,False,искусство изготовления и игры на кобызе,,,False,,
aist_cis_cultural_symbol_or_place_manual_UZ_art_of_crafting_and_playing_rubab_rabab_in_uzbekistan,Art of crafting and playing rubab/rabab in Uzbekistan,cultural_symbol_or_place,cultural_symbol_or_place,,,Art of crafting and playing rubab/rabab in Uzbekistan,,Representative List,,Uzbekistan,Uzbekistan,Q265,unesco_ich_country_iso;manual_country_qualified_name,,0,source_priority,cultural,unesco_seed,unesco_ich,2143,False,искусство изготовления и игры на рубабе в Узбекистане,manual_mapping_v1,False,искусство изготовления и игры на рубабе в Узбекистане,,,False,,
aist_cis_cultural_symbol_or_place_manual_UZ_art_of_illumination_tzhib_tazhib_zarhalkori_tezhip_naqqoshlik_in_uzbek,Art of illumination: Təzhib/Tazhib/Zarhalkori/Tezhip/Naqqoshlik in Uzbekistan,cultural_symbol_or_place,cultural_symbol_or_place,,,Art of illumination: Təzhib/Tazhib/Zarhalkori/Tezhip/Naqqoshlik in Uzbekistan,,Representative List,,Uzbekistan,Uzbekistan,Q265,unesco_ich_country_iso;manual_country_qualified_name,,0,source_priority,cultural,unesco_seed,unesco_ich,1981,False,искусство книжной миниатюрной орнаментации в Узбекистане,manual_mapping_v1,False,искусство книжной миниатюрной орнаментации в Узбекистане,,,False,,
aist_cis_cultural_symbol_or_place_manual_UZ_art_of_miniature_in_uzbekistan,Art of miniature in Uzbekistan,cultural_symbol_or_place,cultural_symbol_or_place,,,Art of miniature in Uzbekistan,,Representative List,,Uzbekistan,Uzbekistan,Q265,unesco_ich_country_iso;manual_country_qualified_name,,0,source_priority,cultural,unesco_seed,unesco_ich,1598,False,искусство миниатюры в Узбекистане,manual_mapping_v1,False,искусство миниатюры в Узбекистане,,,False,,
aist_cis_cultural_symbol_or_place_unesco_ich_UZ_971,"Askiya, the art of wit",cultural_symbol_or_place,cultural_symbol_or_place,,,"Askiya, the art of wit",,Representative List,,Uzbekistan,Uzbekistan,Q265,unesco_ich_country_iso,,0,source_priority,cultural,unesco_seed,unesco_ich,971,False,аския — искусство остроумия,manual_mapping_v1,False,аския — искусство остроумия,,,False,,
aist_cis_cultural_symbol_or_place_unesco_ich_UZ_1706,Bakhshi art,cultural_symbol_or_place,cultural_symbol_or_place,,,Bakhshi art,,Representative List,,Uzbekistan,Uzbekistan,Q265,unesco_ich_country_iso,,0,source_priority,cultural,unesco_seed,unesco_ich,1706,False,искусство бахши,manual_mapping_v1,False,искусство бахши,,,False,,
aist_cis_cultural_symbol_or_place_unesco_ich_UZ_1989,Ceramic arts in Uzbekistan,cultural_symbol_or_place,cultural_symbol_or_place,,,Ceramic arts in Uzbekistan,,Representative List,,Uzbekistan,Uzbekistan,Q265,unesco_ich_country_iso,,0,source_priority,cultural,unesco_seed,unesco_ich,1989,False,керамическое искусство Узбекистана,manual_mapping_v1,False,керамическое искусство Узбекистана,,,False,,
aist_cis_cultural_symbol_or_place_unesco_ich_UZ_19,Cultural space of Boysun District,cultural_symbol_or_place,cultural_symbol_or_place,,,Cultural space of Boysun District,,Representative List,,Uzbekistan,Uzbekistan,Q265,unesco_ich_country_iso,,0,source_priority,cultural,unesco_seed,unesco_ich,19,False,культурное пространство Байсунского района,manual_mapping_v1,False,культурное пространство Байсунского района,,,False,,
aist_cis_cultural_symbol_or_place_manual_UZ_iftar_eftari_iftar_iftor_and_its_socio_cultural_traditions_in_uzbekist,Iftar/Eftari/Iftar/Iftor and its socio-cultural traditions in Uzbekistan,cultural_symbol_or_place,cultural_symbol_or_place,,,Iftar/Eftari/Iftar/Iftor and its socio-cultural traditions in Uzbekistan,,Representative List,,Uzbekistan,Uzbekistan,Q265,unesco_ich_country_iso;manual_country_qualified_name,,0,source_priority,cultural,unesco_seed,unesco_ich,1984,False,ифтар и его социокультурные традиции в Узбекистане,manual_mapping_v1,False,ифтар и его социокультурные традиции в Узбекистане,,,False,,
aist_cis_cultural_symbol_or_place_manual_KZ_aitysh_aitys_art_of_improvisation_in_kazakhstan,"Aitysh/Aitys, art of improvisation in Kazakhstan",cultural_symbol_or_place,cultural_symbol_or_place,,,"Aitysh/Aitys, art of improvisation in Kazakhstan",,Representative List,,Kazakhstan,Kazakhstan,Q232,unesco_ich_country_iso;manual_country_qualified_name,,0,source_priority,cultural,unesco_seed,unesco_ich,997,False,айтыс — искусство импровизации в Казахстане,manual_mapping_v1,False,айтыс — искусство импровизации в Казахстане,,,False,,
aist_cis_cultural_symbol_or_place_unesco_ich_KZ_1746,"Betashar, traditional wedding ritual",cultural_symbol_or_place,cultural_symbol_or_place,,,"Betashar, traditional wedding ritual",,Representative List,,Kazakhstan,Kazakhstan,Q232,unesco_ich_country_iso,,0,source_priority,cultural,unesco_seed,unesco_ich,1746,False,беташар — традиционный свадебный обряд,manual_mapping_v1,False,беташар — традиционный свадебный обряд,,,False,,
aist_cis_cultural_symbol_or_place_manual_KZ_falconry_a_living_human_heritage_in_kazakhstan,"Falconry, a living human heritage in Kazakhstan",cultural_symbol_or_place,cultural_symbol_or_place,,,"Falconry, a living human heritage in Kazakhstan",,Representative List,,Kazakhstan,Kazakhstan,Q232,unesco_ich_country_iso;manual_country_qualified_name,,0,source_priority,cultural,unesco_seed,unesco_ich,1708,False,соколиная охота как живое наследие в Казахстане,manual_mapping_v1,False,соколиная охота как живое наследие в Казахстане,,,False,,
aist_cis_cultural_symbol_or_place_manual_KZ_flatbread_making_and_sharing_culture_lavash_katyrma_jupka_yufka_in_kaz,"Flatbread making and sharing culture: Lavash, Katyrma, Jupka, Yufka in Kazakhstan",cultural_symbol_or_place,cultural_symbol_or_place,,,"Flatbread making and sharing culture: Lavash, Katyrma, Jupka, Yufka in Kazakhstan",,Representative List,,Kazakhstan,Kazakhstan,Q232,unesco_ich_country_iso;manual_country_qualified_name,,0,source_priority,cultural,unesco_seed,unesco_ich,1181,False,культура приготовления и совместного употребления лепёшек в Казахстане,manual_mapping_v1,False,"традиция приготовления лаваша, катырмы, жупки и юфки в Казахстане",,,False,,
aist_cis_cultural_symbol_or_place_manual_KZ_heritage_of_dede_qorqud_korkyt_ata_dede_korkut_epic_culture_folk_tales,"Heritage of Dede Qorqud/Korkyt Ata/Dede Korkut, epic culture, folk tales and music in Kazakhstan",cultural_symbol_or_place,cultural_symbol_or_place,,,"Heritage of Dede Qorqud/Korkyt Ata/Dede Korkut, epic culture, folk tales and music in Kazakhstan",,Representative List,,Kazakhstan,Kazakhstan,Q232,unesco_ich_country_iso;manual_country_qualified_name,,0,source_priority,cultural,unesco_seed,unesco_ich,1399,False,наследие Коркыт ата и эпическая культура в Казахстане,manual_mapping_v1,False,наследие Коркыт ата и эпическая культура в Казахстане,,,False,,
aist_cis_cultural_symbol_or_place_unesco_ich_KZ_1086,Kazakh traditional Assyk games,cultural_symbol_or_place,cultural_symbol_or_place,,,Kazakh traditional Assyk games,,Representative List,,Kazakhstan,Kazakhstan,Q232,unesco_ich_country_iso,,0,source_priority,cultural,unesco_seed,unesco_ich,1086,False,казахские традиционные игры асык,manual_mapping_v1,False,казахские традиционные игры асык,,,False,,
aist_cis_cultural_symbol_or_place_unesco_ich_KZ_996,Kazakh traditional art of Dombra Kuy,cultural_symbol_or_place,cultural_symbol_or_place,,,Kazakh traditional art of Dombra Kuy,,Representative List,,Kazakhstan,Kazakhstan,Q232,unesco_ich_country_iso,,0,source_priority,cultural,unesco_seed,unesco_ich,996,False,казахское традиционное искусство домбрового кюя,manual_mapping_v1,False,казахское традиционное искусство домбрового кюя,,,False,,
aist_cis_cultural_symbol_or_place_unesco_ich_KZ_1085,Kuresi in Kazakhstan,cultural_symbol_or_place,cultural_symbol_or_place,,,Kuresi in Kazakhstan,,Representative List,,Kazakhstan,Kazakhstan,Q232,unesco_ich_country_iso,,0,source_priority,cultural,unesco_seed,unesco_ich,1085,False,казахская борьба күрес,manual_mapping_v1,False,казахская борьба күрес,,,False,,
aist_cis_cultural_symbol_or_place_manual_KZ_nowruz_in_kazakhstan,Nowruz in Kazakhstan,cultural_symbol_or_place,cultural_symbol_or_place,,,Nowruz in Kazakhstan,,Representative List,,Kazakhstan,Kazakhstan,Q232,unesco_ich_country_iso;manual_country_qualified_name,,0,source_priority,cultural,unesco_seed,unesco_ich,2097,False,Наурыз в Казахстане,manual_mapping_v1,False,Наурыз в Казахстане,,,False,,
aist_cis_cultural_symbol_or_place_unesco_ich_AZ_253,Art of Azerbaijani Ashiq,cultural_symbol_or_place,cultural_symbol_or_place,,,Art of Azerbaijani Ashiq,,Representative List,,Azerbaijan,Azerbaijan,Q227,unesco_ich_country_iso,,0,source_priority,cultural,unesco_seed,unesco_ich,253,False,искусство азербайджанских ашугов,manual_mapping_v1,False,искусство азербайджанских ашугов,,,False,,
aist_cis_cultural_symbol_or_place_unesco_ich_AZ_1286,"Art of crafting and playing with Kamantcheh/Kamancha, a bowed string musical instrument",cultural_symbol_or_place,cultural_symbol_or_place,,,"Art of crafting and playing with Kamantcheh/Kamancha, a bowed string musical instrument",,Representative List,,Azerbaijan,Azerbaijan,Q227,unesco_ich_country_iso,,0,source_priority,cultural,unesco_seed,unesco_ich,1286,False,искусство изготовления и игры на кяманче,manual_mapping_v1,False,искусство изготовления и игры на кяманче,,,False,,
aist_cis_cultural_symbol_or_place_manual_AZ_art_of_illumination_tzhib_tazhib_zarhalkori_tezhip_naqqoshlik_in_azerb,Art of illumination: Təzhib/Tazhib/Zarhalkori/Tezhip/Naqqoshlik in Azerbaijan,cultural_symbol_or_place,cultural_symbol_or_place,,,Art of illumination: Təzhib/Tazhib/Zarhalkori/Tezhip/Naqqoshlik in Azerbaijan,,Representative List,,Azerbaijan,Azerbaijan,Q227,unesco_ich_country_iso;manual_country_qualified_name,,0,source_priority,cultural,unesco_seed,unesco_ich,1981,False,искусство книжной миниатюрной орнаментации в Азербайджане,manual_mapping_v1,False,искусство книжной миниатюрной орнаментации в Азербайджане,,,False,,
aist_cis_cultural_symbol_or_place_manual_AZ_art_of_miniature_in_azerbaijan,Art of miniature in Azerbaijan,cultural_symbol_or_place,cultural_symbol_or_place,,,Art of miniature in Azerbaijan,,Representative List,,Azerbaijan,Azerbaijan,Q227,unesco_ich_country_iso;manual_country_qualified_name,,0,source_priority,cultural,unesco_seed,unesco_ich,1598,False,искусство миниатюры в Азербайджане,manual_mapping_v1,False,искусство миниатюры в Азербайджане,,,False,,
aist_cis_cultural_symbol_or_place_unesco_ich_AZ_39,Azerbaijani Mugham,cultural_symbol_or_place,cultural_symbol_or_place,,,Azerbaijani Mugham,,Representative List,,Azerbaijan,Azerbaijan,Q227,unesco_ich_country_iso,,0,source_priority,cultural,unesco_seed,unesco_ich,39,False,азербайджанский мугам,manual_mapping_v1,False,азербайджанский мугам,,,False,,
aist_cis_cultural_symbol_or_place_unesco_ich_AZ_905,"Chovqan, a traditional Karabakh horse-riding game in the Republic of Azerbaijan",cultural_symbol_or_place,cultural_symbol_or_place,,,"Chovqan, a traditional Karabakh horse-riding game in the Republic of Azerbaijan",,Urgent Safeguarding List,,Azerbaijan,Azerbaijan,Q227,unesco_ich_country_iso,,0,source_priority,cultural,unesco_seed,unesco_ich,905,False,човган — традиционная карабахская конная игра в Азербайджане,manual_mapping_v1,False,човган — традиционная карабахская конная игра в Азербайджане,,,False,,
aist_cis_cultural_symbol_or_place_unesco_ich_AZ_675,Copper craftsmanship of Lahij,cultural_symbol_or_place,cultural_symbol_or_place,,,Copper craftsmanship of Lahij,,Representative List,,Azerbaijan,Azerbaijan,Q227,unesco_ich_country_iso,,0,source_priority,cultural,unesco_seed,unesco_ich,675,False,медное ремесло Лагича,manual_mapping_v1,False,медное ремесло Лагича,,,False,,
aist_cis_cultural_symbol_or_place_unesco_ich_AZ_671,"Craftsmanship and performance art of the Tar, a long-necked string musical instrument",cultural_symbol_or_place,cultural_symbol_or_place,,,"Craftsmanship and performance art of the Tar, a long-necked string musical instrument",,Representative List,,Azerbaijan,Azerbaijan,Q227,unesco_ich_country_iso,,0,source_priority,cultural,unesco_seed,unesco_ich,671,False,искусство изготовления и исполнения на таре,manual_mapping_v1,False,искусство изготовления и исполнения на таре,,,False,,
aist_cis_cultural_symbol_or_place_unesco_ich_AZ_1704,Craftsmanship and performing art of balaban/mey,cultural_symbol_or_place,cultural_symbol_or_place,,,Craftsmanship and performing art of balaban/mey,,Representative List,,Azerbaijan,Azerbaijan,Q227,unesco_ich_country_iso,,0,source_priority,cultural,unesco_seed,unesco_ich,1704,False,искусство изготовления и игры на балабане/мее,manual_mapping_v1,False,искусство изготовления и игры на балабане/мее,,,False,,
aist_cis_cultural_symbol_or_place_manual_TJ_art_of_crafting_and_playing_rubab_rabab_in_tajikistan,Art of crafting and playing rubab/rabab in Tajikistan,cultural_symbol_or_place,cultural_symbol_or_place,,,Art of crafting and playing rubab/rabab in Tajikistan,,Representative List,,Tajikistan,Tajikistan,Q863,unesco_ich_country_iso;manual_country_qualified_name,,0,source_priority,cultural,unesco_seed,unesco_ich,2143,False,искусство изготовления и игры на рубабе в Таджикистане,manual_mapping_v1,False,искусство изготовления и игры на рубабе в Таджикистане,,,False,,
aist_cis_cultural_symbol_or_place_manual_TJ_art_of_illumination_tzhib_tazhib_zarhalkori_tezhip_naqqoshlik_in_tajik,Art of illumination: Təzhib/Tazhib/Zarhalkori/Tezhip/Naqqoshlik in Tajikistan,cultural_symbol_or_place,cultural_symbol_or_place,,,Art of illumination: Təzhib/Tazhib/Zarhalkori/Tezhip/Naqqoshlik in Tajikistan,,Representative List,,Tajikistan,Tajikistan,Q863,unesco_ich_country_iso;manual_country_qualified_name,,0,source_priority,cultural,unesco_seed,unesco_ich,1981,False,искусство книжной миниатюрной орнаментации в Таджикистане,manual_mapping_v1,False,искусство книжной миниатюрной орнаментации в Таджикистане,,,False,,
aist_cis_cultural_symbol_or_place_unesco_ich_TJ_2144,Ceremony of Mehregan,cultural_symbol_or_place,cultural_symbol_or_place,,,Ceremony of Mehregan,,Representative List,,Tajikistan,Tajikistan,Q863,unesco_ich_country_iso,,0,source_priority,cultural,unesco_seed,unesco_ich,2144,False,праздник Мехргон,manual_mapping_v1,False,праздник Мехргон,,,False,,
aist_cis_cultural_symbol_or_place_unesco_ich_TJ_1397,"Chakan, embroidery art in the Republic of Tajikistan",cultural_symbol_or_place,cultural_symbol_or_place,,,"Chakan, embroidery art in the Republic of Tajikistan",,Representative List,,Tajikistan,Tajikistan,Q863,unesco_ich_country_iso,,0,source_priority,cultural,unesco_seed,unesco_ich,1397,False,чакан — искусство вышивки в Таджикистане,manual_mapping_v1,False,чакан — искусство вышивки в Таджикистане,,,False,,
aist_cis_cultural_symbol_or_place_unesco_ich_TJ_2336,Culture of Sumanak/Sumalak cooking,cultural_symbol_or_place,cultural_symbol_or_place,,,Culture of Sumanak/Sumalak cooking,,Representative List,,Tajikistan,Tajikistan,Q863,unesco_ich_country_iso,,0,source_priority,cultural,unesco_seed,unesco_ich,2336,False,культура приготовления суманака/сумаляка,manual_mapping_v1,False,культура приготовления суманака/сумаляка,,,False,,
aist_cis_cultural_symbol_or_place_unesco_ich_TJ_1725,Falak,cultural_symbol_or_place,cultural_symbol_or_place,,,Falak,,Representative List,,Tajikistan,Tajikistan,Q863,unesco_ich_country_iso,,0,source_priority,cultural,unesco_seed,unesco_ich,1725,False,фалак,manual_mapping_v1,False,фалак,,,False,,
aist_cis_cultural_symbol_or_place_manual_TJ_nowruz_in_tajikistan,Nowruz in Tajikistan,cultural_symbol_or_place,cultural_symbol_or_place,,,Nowruz in Tajikistan,,Representative List,,Tajikistan,Tajikistan,Q863,unesco_ich_country_iso;manual_country_qualified_name,,0,source_priority,cultural,unesco_seed,unesco_ich,2097,False,Навруз в Таджикистане,manual_mapping_v1,False,Навруз в Таджикистане,,,False,,
aist_cis_cultural_symbol_or_place_unesco_ich_TJ_1191,"Oshi Palav, a traditional meal and its social and cultural contexts in Tajikistan",cultural_symbol_or_place,cultural_symbol_or_place,,,"Oshi Palav, a traditional meal and its social and cultural contexts in Tajikistan",,Representative List,,Tajikistan,Tajikistan,Q863,unesco_ich_country_iso,,0,source_priority,cultural,unesco_seed,unesco_ich,1191,False,оши палав — традиционное блюдо и его социально-культурный контекст в Таджикистане,manual_mapping_v1,False,таджикский оши палав,,,False,,
aist_cis_cultural_symbol_or_place_unesco_ich_TJ_1713,Sadeh/Sada celebration,cultural_symbol_or_place,cultural_symbol_or_place,,,Sadeh/Sada celebration,,Representative List,,Tajikistan,Tajikistan,Q863,unesco_ich_country_iso,,0,source_priority,cultural,unesco_seed,unesco_ich,1713,False,праздник Сада,manual_mapping_v1,False,праздник Сада,,,False,,
aist_cis_cultural_symbol_or_place_unesco_ich_BY_1387,Celebration in honor of the Budslaŭ icon of Our Lady (Budslaŭ fest),cultural_symbol_or_place,cultural_symbol_or_place,,,Celebration in honor of the Budslaŭ icon of Our Lady (Budslaŭ fest),,Representative List,,Belarus,Belarus,Q184,unesco_ich_country_iso,,0,source_priority,cultural,unesco_seed,unesco_ich,1387,False,праздник в честь Будславской иконы Божией Матери,manual_mapping_v1,False,праздник в честь Будславской иконы Божией Матери,,,False,,
aist_cis_cultural_symbol_or_place_unesco_ich_BY_2088,Negliubka textile tradition of Vetka District Gomel Region,cultural_symbol_or_place,cultural_symbol_or_place,,,Negliubka textile tradition of Vetka District Gomel Region,,Urgent Safeguarding List,,Belarus,Belarus,Q184,unesco_ich_country_iso,,0,source_priority,cultural,unesco_seed,unesco_ich,2088,False,неглюбская текстильная традиция Ветковского района Гомельской области,manual_mapping_v1,False,неглюбская текстильная традиция,,,False,,
aist_cis_cultural_symbol_or_place_unesco_ich_BY_308,Rite of the Kalyady Tsars (Christmas Tsars),cultural_symbol_or_place,cultural_symbol_or_place,,,Rite of the Kalyady Tsars (Christmas Tsars),,Urgent Safeguarding List,,Belarus,Belarus,Q184,unesco_ich_country_iso,,0,source_priority,cultural,unesco_seed,unesco_ich,308,False,обряд «Колядные цари»,manual_mapping_v1,False,обряд «Колядные цари»,,,False,,
aist_cis_cultural_symbol_or_place_unesco_ich_BY_1458,Spring rite of Juraŭski Karahod,cultural_symbol_or_place,cultural_symbol_or_place,,,Spring rite of Juraŭski Karahod,,Urgent Safeguarding List,,Belarus,Belarus,Q184,unesco_ich_country_iso,,0,source_priority,cultural,unesco_seed,unesco_ich,1458,False,весенний обряд «Юрьевский хоровод»,manual_mapping_v1,False,весенний обряд «Юрьевский хоровод»,,,False,,
aist_cis_cultural_symbol_or_place_unesco_ich_BY_1889,"Straw weaving in Belarus, art, craft and skills",cultural_symbol_or_place,cultural_symbol_or_place,,,"Straw weaving in Belarus, art, craft and skills",,Representative List,,Belarus,Belarus,Q184,unesco_ich_country_iso,,0,source_priority,cultural,unesco_seed,unesco_ich,1889,False,соломоплетение в Беларуси,manual_mapping_v1,False,соломоплетение в Беларуси,,,False,,
aist_cis_cultural_symbol_or_place_unesco_ich_BY_1573,Tree beekeeping culture,cultural_symbol_or_place,cultural_symbol_or_place,,,Tree beekeeping culture,,Representative List,,Belarus,Belarus,Q184,unesco_ich_country_iso,,0,source_priority,cultural,unesco_seed,unesco_ich,1573,False,традиция бортничества,manual_mapping_v1,False,традиция бортничества,,,False,,
aist_cis_cultural_symbol_or_place_unesco_ich_BY_1954,"Vytsinanka, traditional art of paper cutting in Belarus",cultural_symbol_or_place,cultural_symbol_or_place,,,"Vytsinanka, traditional art of paper cutting in Belarus",,Representative List,,Belarus,Belarus,Q184,unesco_ich_country_iso,,0,source_priority,cultural,unesco_seed,unesco_ich,1954,False,вытинанка — традиционное искусство вырезания из бумаги в Беларуси,manual_mapping_v1,False,белорусская вытинанка,,,False,,
aist_cis_cultural_symbol_or_place_manual_BY_belovezhskaya_pushcha_national_park,Belovezhskaya Pushcha National Park,cultural_symbol_or_place,cultural_symbol_or_place,,,Belovezhskaya Pushcha National Park,,curated fallback seed for balanced CIS coverage,,Belarus,Belarus,Q184,curated_country_category_seed,,0,curated_seed,cultural,curated_seed,manual_seed_catalog,,False,национальный парк «Беловежская пуща»,manual_mapping_v1,False,национальный парк «Беловежская пуща»,,,False,,
aist_cis_cultural_symbol_or_place_manual_BY_braslav_lakes,Braslav Lakes,cultural_symbol_or_place,cultural_symbol_or_place,,,Braslav Lakes,,curated fallback seed for balanced CIS coverage,,Belarus,Belarus,Q184,curated_country_category_seed,,0,curated_seed,cultural,curated_seed,manual_seed_catalog,,False,Браславские озёра,manual_mapping_v1,False,Браславские озёра,,,False,,
aist_cis_cultural_symbol_or_place_manual_KG_aitysh_aitys_art_of_improvisation_in_kyrgyzstan,"Aitysh/Aitys, art of improvisation in Kyrgyzstan",cultural_symbol_or_place,cultural_symbol_or_place,,,"Aitysh/Aitys, art of improvisation in Kyrgyzstan",,Representative List,,Kyrgyzstan,Kyrgyzstan,Q813,unesco_ich_country_iso;manual_country_qualified_name,,0,source_priority,cultural,unesco_seed,unesco_ich,997,False,айтыш — искусство импровизации в Кыргызстане,manual_mapping_v1,False,айтыш — искусство импровизации в Кыргызстане,,,False,,
aist_cis_cultural_symbol_or_place_unesco_ich_KG_1496,"Ak-kalpak craftsmanship, traditional knowledge and skills in making and wearing Kyrgyz men’s headwear",cultural_symbol_or_place,cultural_symbol_or_place,,,"Ak-kalpak craftsmanship, traditional knowledge and skills in making and wearing Kyrgyz men’s headwear",,Representative List,,Kyrgyzstan,Kyrgyzstan,Q813,unesco_ich_country_iso,,0,source_priority,cultural,unesco_seed,unesco_ich,1496,False,мастерство изготовления и ношения кыргызского ак-калпака,manual_mapping_v1,False,мастерство изготовления и ношения кыргызского ак-калпака,,,False,,
aist_cis_cultural_symbol_or_place_unesco_ich_KG_693,"Ala-kiyiz and Shyrdak, art of Kyrgyz traditional felt carpets",cultural_symbol_or_place,cultural_symbol_or_place,,,"Ala-kiyiz and Shyrdak, art of Kyrgyz traditional felt carpets",,Urgent Safeguarding List,,Kyrgyzstan,Kyrgyzstan,Q813,unesco_ich_country_iso,,0,source_priority,cultural,unesco_seed,unesco_ich,693,False,ала-кийиз и шырдак — искусство кыргызских войлочных ковров,manual_mapping_v1,False,ала-кийиз и шырдак — искусство кыргызских войлочных ковров,,,False,,
aist_cis_cultural_symbol_or_place_unesco_ich_KG_65,"Art of Akyns, Kyrgyz epic tellers",cultural_symbol_or_place,cultural_symbol_or_place,,,"Art of Akyns, Kyrgyz epic tellers",,Representative List,,Kyrgyzstan,Kyrgyzstan,Q813,unesco_ich_country_iso,,0,source_priority,cultural,unesco_seed,unesco_ich,65,False,искусство акынов — кыргызских эпических сказителей,manual_mapping_v1,False,искусство акынов — кыргызских эпических сказителей,,,False,,
aist_cis_cultural_symbol_or_place_unesco_ich_KG_1985,"Elechek, Kyrgyz female headwear: traditional knowledge and rituals",cultural_symbol_or_place,cultural_symbol_or_place,,,"Elechek, Kyrgyz female headwear: traditional knowledge and rituals",,Representative List,,Kyrgyzstan,Kyrgyzstan,Q813,unesco_ich_country_iso,,0,source_priority,cultural,unesco_seed,unesco_ich,1985,False,элечек — кыргызский женский головной убор и связанные ритуалы,manual_mapping_v1,False,кыргызский элечек,,,False,,
aist_cis_cultural_symbol_or_place_manual_KG_falconry_a_living_human_heritage_in_kyrgyzstan,"Falconry, a living human heritage in Kyrgyzstan",cultural_symbol_or_place,cultural_symbol_or_place,,,"Falconry, a living human heritage in Kyrgyzstan",,Representative List,,Kyrgyzstan,Kyrgyzstan,Q813,unesco_ich_country_iso;manual_country_qualified_name,,0,source_priority,cultural,unesco_seed,unesco_ich,1708,False,соколиная охота как живое наследие в Кыргызстане,manual_mapping_v1,False,соколиная охота как живое наследие в Кыргызстане,,,False,,
aist_cis_cultural_symbol_or_place_manual_KG_flatbread_making_and_sharing_culture_lavash_katyrma_jupka_yufka_in_kyr,"Flatbread making and sharing culture: Lavash, Katyrma, Jupka, Yufka in Kyrgyzstan",cultural_symbol_or_place,cultural_symbol_or_place,,,"Flatbread making and sharing culture: Lavash, Katyrma, Jupka, Yufka in Kyrgyzstan",,Representative List,,Kyrgyzstan,Kyrgyzstan,Q813,unesco_ich_country_iso;manual_country_qualified_name,,0,source_priority,cultural,unesco_seed,unesco_ich,1181,False,культура приготовления и совместного употребления лепёшек в Кыргызстане,manual_mapping_v1,False,"традиция приготовления лаваша, катырмы, жупки и юфки в Кыргызстане",,,False,,
aist_cis_cultural_symbol_or_place_unesco_ich_KG_1294,"Kok boru, traditional horse game",cultural_symbol_or_place,cultural_symbol_or_place,,,"Kok boru, traditional horse game",,Representative List,,Kyrgyzstan,Kyrgyzstan,Q813,unesco_ich_country_iso,,0,source_priority,cultural,unesco_seed,unesco_ich,1294,False,кок-бору — традиционная конная игра,manual_mapping_v1,False,кок-бору — традиционная конная игра,,,False,,
aist_cis_cultural_symbol_or_place_unesco_ich_KG_876,"Kyrgyz epic trilogy: Manas, Semetey, Seytek",cultural_symbol_or_place,cultural_symbol_or_place,,,"Kyrgyz epic trilogy: Manas, Semetey, Seytek",,Representative List,,Kyrgyzstan,Kyrgyzstan,Q813,unesco_ich_country_iso,,0,source_priority,cultural,unesco_seed,unesco_ich,876,False,"кыргызская эпическая трилогия «Манас», «Семетей», «Сейтек»",manual_mapping_v1,False,"кыргызская эпическая трилогия «Манас», «Семетей», «Сейтек»",,,False,,
aist_cis_cultural_symbol_or_place_unesco_ich_TM_1978,Art of Akhal-Teke horse breeding and traditions of horses' decoration,cultural_symbol_or_place,cultural_symbol_or_place,,,Art of Akhal-Teke horse breeding and traditions of horses' decoration,,Representative List,,Turkmenistan,Turkmenistan,Q874,unesco_ich_country_iso,,0,source_priority,cultural,unesco_seed,unesco_ich,1978,False,искусство разведения ахалтекинских лошадей и традиции их украшения,manual_mapping_v1,False,ахалтекинское коневодство,,,False,,
aist_cis_cultural_symbol_or_place_unesco_ich_TM_1565,Dutar making craftsmanship and traditional music performing art combined with singing,cultural_symbol_or_place,cultural_symbol_or_place,,,Dutar making craftsmanship and traditional music performing art combined with singing,,Representative List,,Turkmenistan,Turkmenistan,Q874,unesco_ich_country_iso,,0,source_priority,cultural,unesco_seed,unesco_ich,1565,False,мастерство изготовления дутара и традиционное музыкальное исполнительство с пением,manual_mapping_v1,False,туркменский дутар и традиционное исполнительство,,,False,,
aist_cis_cultural_symbol_or_place_unesco_ich_TM_1028,Epic art of Gorogly,cultural_symbol_or_place,cultural_symbol_or_place,,,Epic art of Gorogly,,Representative List,,Turkmenistan,Turkmenistan,Q874,unesco_ich_country_iso,,0,source_priority,cultural,unesco_seed,unesco_ich,1028,False,эпическое искусство Гёроглы,manual_mapping_v1,False,эпическое искусство Гёроглы,,,False,,
aist_cis_cultural_symbol_or_place_unesco_ich_TM_1259,Kushtdepdi rite of singing and dancing,cultural_symbol_or_place,cultural_symbol_or_place,,,Kushtdepdi rite of singing and dancing,,Representative List,,Turkmenistan,Turkmenistan,Q874,unesco_ich_country_iso,,0,source_priority,cultural,unesco_seed,unesco_ich,1259,False,обряд пения и танца куштдепди,manual_mapping_v1,False,обряд пения и танца куштдепди,,,False,,
aist_cis_cultural_symbol_or_place_manual_TM_nowruz_in_turkmenistan,Nowruz in Turkmenistan,cultural_symbol_or_place,cultural_symbol_or_place,,,Nowruz in Turkmenistan,,Representative List,,Turkmenistan,Turkmenistan,Q874,unesco_ich_country_iso;manual_country_qualified_name,,0,source_priority,cultural,unesco_seed,unesco_ich,2097,False,Новруз в Туркменистане,manual_mapping_v1,False,Новруз в Туркменистане,,,False,,
aist_cis_cultural_symbol_or_place_manual_TM_sericulture_and_traditional_production_of_silk_for_weaving_in_turkmeni,Sericulture and traditional production of silk for weaving in Turkmenistan,cultural_symbol_or_place,cultural_symbol_or_place,,,Sericulture and traditional production of silk for weaving in Turkmenistan,,Representative List,,Turkmenistan,Turkmenistan,Q874,unesco_ich_country_iso;manual_country_qualified_name,,0,source_priority,cultural,unesco_seed,unesco_ich,1890,False,шелководство и традиционное производство шёлка для ткачества в Туркменистане,manual_mapping_v1,False,туркменское шелководство и производство шёлка,,,False,,
aist_cis_cultural_symbol_or_place_manual_TM_telling_tradition_of_nasreddin_hodja_molla_nesreddin_molla_ependi_apen,Telling tradition of Nasreddin Hodja/ Molla Nesreddin/ Molla Ependi/ Apendi/ Afendi Kozhanasyr Anecdotes in Turkmenistan,cultural_symbol_or_place,cultural_symbol_or_place,,,Telling tradition of Nasreddin Hodja/ Molla Nesreddin/ Molla Ependi/ Apendi/ Afendi Kozhanasyr Anecdotes in Turkmenistan,,Representative List,,Turkmenistan,Turkmenistan,Q874,unesco_ich_country_iso;manual_country_qualified_name,,0,source_priority,cultural,unesco_seed,unesco_ich,1705,False,традиция рассказов о Насреддине Ходже / Молле Эпенди в Туркменистане,manual_mapping_v1,False,туркменская традиция рассказов о Насреддине Ходже,,,False,,
aist_cis_cultural_symbol_or_place_unesco_ich_TM_2269,The art of breeding Turkmen alabay,cultural_symbol_or_place,cultural_symbol_or_place,,,The art of breeding Turkmen alabay,,Representative List,,Turkmenistan,Turkmenistan,Q874,unesco_ich_country_iso,,0,source_priority,cultural,unesco_seed,unesco_ich,2269,False,искусство разведения туркменского алабая,manual_mapping_v1,False,искусство разведения туркменского алабая,,,False,,
aist_cis_cultural_symbol_or_place_unesco_ich_TM_1486,Traditional turkmen carpet making art in Turkmenistan,cultural_symbol_or_place,cultural_symbol_or_place,,,Traditional turkmen carpet making art in Turkmenistan,,Representative List,,Turkmenistan,Turkmenistan,Q874,unesco_ich_country_iso,,0,source_priority,cultural,unesco_seed,unesco_ich,1486,False,традиционное искусство туркменского ковроделия,manual_mapping_v1,False,традиционное искусство туркменского ковроделия,,,False,,
aist_cis_cultural_symbol_or_place_unesco_ich_GE_870,Ancient Georgian traditional Qvevri wine-making method,cultural_symbol_or_place,cultural_symbol_or_place,,,Ancient Georgian traditional Qvevri wine-making method,,Representative List,,Georgia,Georgia,Q230,unesco_ich_country_iso,,0,source_priority,cultural,unesco_seed,unesco_ich,870,False,древний грузинский традиционный метод виноделия в квеври,manual_mapping_v1,False,древний грузинский традиционный метод виноделия в квеври,,,False,,
aist_cis_cultural_symbol_or_place_unesco_ich_GE_1371,"Chidaoba, wrestling in Georgia",cultural_symbol_or_place,cultural_symbol_or_place,,,"Chidaoba, wrestling in Georgia",,Representative List,,Georgia,Georgia,Q230,unesco_ich_country_iso,,0,source_priority,cultural,unesco_seed,unesco_ich,1371,False,чидаоба — грузинская борьба,manual_mapping_v1,False,чидаоба — грузинская борьба,,,False,,
aist_cis_cultural_symbol_or_place_unesco_ich_GE_8,Georgian polyphonic singing,cultural_symbol_or_place,cultural_symbol_or_place,,,Georgian polyphonic singing,,Representative List,,Georgia,Georgia,Q230,unesco_ich_country_iso,,0,source_priority,cultural,unesco_seed,unesco_ich,8,False,грузинское полифоническое пение,manual_mapping_v1,False,грузинское полифоническое пение,,,False,,
aist_cis_cultural_symbol_or_place_unesco_ich_GE_2335,Georgian wheat culture: traditions and rituals,cultural_symbol_or_place,cultural_symbol_or_place,,,Georgian wheat culture: traditions and rituals,,Representative List,,Georgia,Georgia,Q230,unesco_ich_country_iso,,0,source_priority,cultural,unesco_seed,unesco_ich,2335,False,грузинская культура пшеницы: традиции и ритуалы,manual_mapping_v1,False,грузинская культура пшеницы: традиции и ритуалы,,,False,,
aist_cis_cultural_symbol_or_place_unesco_chp_GE_539,Historical Monuments of Mtskheta,cultural_symbol_or_place,cultural_symbol_or_place,,,Historical Monuments of Mtskheta,,"UNESCO cultural property, inscription year 2016",,Georgia,Georgia,Q230,unesco_chp_country_iso,,0,source_priority,cultural,unesco_seed,unesco_chp,539,False,исторические памятники Мцхеты,manual_mapping_v1,False,исторические памятники Мцхеты,,,False,,
aist_cis_cultural_symbol_or_place_unesco_ich_GE_1205,Living culture of three writing systems of the Georgian alphabet,cultural_symbol_or_place,cultural_symbol_or_place,,,Living culture of three writing systems of the Georgian alphabet,,Representative List,,Georgia,Georgia,Q230,unesco_ich_country_iso,,0,source_priority,cultural,unesco_seed,unesco_ich,1205,False,живая культура трёх письменностей грузинского алфавита,manual_mapping_v1,False,живая культура трёх письменностей грузинского алфавита,,,False,,
aist_cis_cultural_symbol_or_place_manual_GE_gelati_monastery,Gelati Monastery,cultural_symbol_or_place,cultural_symbol_or_place,,,Gelati Monastery,,curated fallback seed for balanced CIS coverage,,Georgia,Georgia,Q230,curated_country_category_seed,,0,curated_seed,cultural,curated_seed,manual_seed_catalog,,False,монастырь Гелати,manual_mapping_v1,False,монастырь Гелати,,,False,,
aist_cis_cultural_symbol_or_place_manual_GE_jvari_monastery,Jvari Monastery,cultural_symbol_or_place,cultural_symbol_or_place,,,Jvari Monastery,,curated fallback seed for balanced CIS coverage,,Georgia,Georgia,Q230,curated_country_category_seed,,0,curated_seed,cultural,curated_seed,manual_seed_catalog,,False,монастырь Джвари,manual_mapping_v1,False,монастырь Джвари,,,False,,
aist_cis_cultural_symbol_or_place_manual_GE_mtskheta,Mtskheta,cultural_symbol_or_place,cultural_symbol_or_place,,,Mtskheta,,curated fallback seed for balanced CIS coverage,,Georgia,Georgia,Q230,curated_country_category_seed,,0,curated_seed,cultural,curated_seed,manual_seed_catalog,,False,Мцхета,manual_mapping_v1,False,Мцхета,,,False,,
aist_cis_cultural_symbol_or_place_unesco_ich_AM_434,Armenian cross-stones art. Symbolism and craftsmanship of Khachkars,cultural_symbol_or_place,cultural_symbol_or_place,,,Armenian cross-stones art. Symbolism and craftsmanship of Khachkars,,Representative List,,Armenia,Armenia,Q399,unesco_ich_country_iso,,0,source_priority,cultural,unesco_seed,unesco_ich,434,False,искусство армянских хачкаров,manual_mapping_v1,False,искусство армянских хачкаров,,,False,,
aist_cis_cultural_symbol_or_place_unesco_ich_AM_1513,Armenian letter art and its cultural expressions,cultural_symbol_or_place,cultural_symbol_or_place,,,Armenian letter art and its cultural expressions,,Representative List,,Armenia,Armenia,Q399,unesco_ich_country_iso,,0,source_priority,cultural,unesco_seed,unesco_ich,1513,False,армянское искусство письма и его культурные выражения,manual_mapping_v1,False,армянское искусство письма и его культурные выражения,,,False,,
aist_cis_cultural_symbol_or_place_unesco_ich_AM_92,Duduk and its music,cultural_symbol_or_place,cultural_symbol_or_place,,,Duduk and its music,,Representative List,,Armenia,Armenia,Q399,unesco_ich_country_iso,,0,source_priority,cultural,unesco_seed,unesco_ich,92,False,дудук и его музыка,manual_mapping_v1,False,дудук и его музыка,,,False,,
aist_cis_cultural_symbol_or_place_unesco_ich_AM_1295,"Kochari, traditional group dance",cultural_symbol_or_place,cultural_symbol_or_place,,,"Kochari, traditional group dance",,Representative List,,Armenia,Armenia,Q399,unesco_ich_country_iso,,0,source_priority,cultural,unesco_seed,unesco_ich,1295,False,кочари — традиционный групповой танец,manual_mapping_v1,False,кочари — традиционный групповой танец,,,False,,
aist_cis_cultural_symbol_or_place_unesco_ich_AM_985,"Lavash, the preparation, meaning and appearance of traditional bread as an expression of culture in Armenia",cultural_symbol_or_place,cultural_symbol_or_place,,,"Lavash, the preparation, meaning and appearance of traditional bread as an expression of culture in Armenia",,Representative List,,Armenia,Armenia,Q399,unesco_ich_country_iso,,0,source_priority,cultural,unesco_seed,unesco_ich,985,False,лаваш как выражение традиционной культуры Армении,manual_mapping_v1,False,лаваш как выражение традиционной культуры Армении,,,False,,
aist_cis_cultural_symbol_or_place_unesco_chp_AM_535,Monastery of Geghard and the Upper Azat Valley,cultural_symbol_or_place,cultural_symbol_or_place,,,Monastery of Geghard and the Upper Azat Valley,,"UNESCO cultural property, inscription year 2018",,Armenia,Armenia,Q399,unesco_chp_country_iso,,0,source_priority,cultural,unesco_seed,unesco_chp,535,False,монастырь Гегард и верховья реки Азат,manual_mapping_v1,False,монастырь Гегард и верховья реки Азат,,,False,,
aist_cis_cultural_symbol_or_place_unesco_ich_AM_743,Performance of the Armenian epic of 'Daredevils of Sassoun' or 'David of Sassoun',cultural_symbol_or_place,cultural_symbol_or_place,,,Performance of the Armenian epic of 'Daredevils of Sassoun' or 'David of Sassoun',,Representative List,,Armenia,Armenia,Q399,unesco_ich_country_iso,,0,source_priority,cultural,unesco_seed,unesco_ich,743,False,исполнение армянского эпоса «Сасна црер» / «Давид Сасунский»,manual_mapping_v1,False,исполнение армянского эпоса «Сасна црер» / «Давид Сасунский»,,,False,,
aist_cis_cultural_symbol_or_place_unesco_ich_AM_1571,Pilgrimage to the St. Thaddeus Apostle Monastery,cultural_symbol_or_place,cultural_symbol_or_place,,,Pilgrimage to the St. Thaddeus Apostle Monastery,,Representative List,,Armenia,Armenia,Q399,unesco_ich_country_iso,,0,source_priority,cultural,unesco_seed,unesco_ich,1571,False,паломничество к монастырю святого апостола Фаддея,manual_mapping_v1,False,паломничество к монастырю святого апостола Фаддея,,,False,,
aist_cis_cultural_symbol_or_place_unesco_ich_AM_1967,Tradition of blacksmithing in Gyumri,cultural_symbol_or_place,cultural_symbol_or_place,,,Tradition of blacksmithing in Gyumri,,Representative List,,Armenia,Armenia,Q399,unesco_ich_country_iso,,0,source_priority,cultural,unesco_seed,unesco_ich,1967,False,традиция кузнечного дела в Гюмри,manual_mapping_v1,False,традиция кузнечного дела в Гюмри,,,False,,
aist_cis_cultural_symbol_or_place_unesco_ich_MD_2262,"Cobza, traditional knowledge, skills and music",cultural_symbol_or_place,cultural_symbol_or_place,,,"Cobza, traditional knowledge, skills and music",,Representative List,,Moldova,Moldova,Q217,unesco_ich_country_iso,,0,source_priority,cultural,unesco_seed,unesco_ich,2262,False,"кобза — традиционные знания, навыки и музыка",manual_mapping_v1,False,"кобза — традиционные знания, навыки и музыка",,,False,,
aist_cis_cultural_symbol_or_place_unesco_ich_MD_1287,Cultural practices associated to the 1st of March,cultural_symbol_or_place,cultural_symbol_or_place,,,Cultural practices associated to the 1st of March,,Representative List,,Moldova,Moldova,Q217,unesco_ich_country_iso,,0,source_priority,cultural,unesco_seed,unesco_ich,1287,False,"культурные практики, связанные с 1 марта",manual_mapping_v1,False,"культурные практики, связанные с 1 марта",,,False,,
aist_cis_cultural_symbol_or_place_unesco_ich_MD_865,"Men’s group Colindat, Christmas-time ritual",cultural_symbol_or_place,cultural_symbol_or_place,,,"Men’s group Colindat, Christmas-time ritual",,Representative List,,Moldova,Moldova,Q217,unesco_ich_country_iso,,0,source_priority,cultural,unesco_seed,unesco_ich,865,False,мужской колиндат — рождественский обряд,manual_mapping_v1,False,мужской колиндат — рождественский обряд,,,False,,
aist_cis_cultural_symbol_or_place_unesco_ich_MD_1861,The art of the traditional blouse with embroidery on the shoulder (altiţă) — an element of cultural identity in Romania and the Republic of Moldova,cultural_symbol_or_place,cultural_symbol_or_place,,,The art of the traditional blouse with embroidery on the shoulder (altiţă) — an element of cultural identity in Romania and the Republic of Moldova,,Representative List,,Moldova,Moldova,Q217,unesco_ich_country_iso,,0,source_priority,cultural,unesco_seed,unesco_ich,1861,False,искусство традиционной блузы с вышивкой на плече алтица,manual_mapping_v1,False,искусство традиционной блузы с вышивкой на плече алтица,,,False,,
aist_cis_cultural_symbol_or_place_unesco_ich_MD_1167,Traditional wall-carpet craftsmanship in Romania and the Republic of Moldova,cultural_symbol_or_place,cultural_symbol_or_place,,,Traditional wall-carpet craftsmanship in Romania and the Republic of Moldova,,Representative List,,Moldova,Moldova,Q217,unesco_ich_country_iso,,0,source_priority,cultural,unesco_seed,unesco_ich,1167,False,традиционное настенное ковроделие в Румынии и Молдове,manual_mapping_v1,False,традиционное настенное ковроделие в Румынии и Молдове,,,False,,
aist_cis_cultural_symbol_or_place_manual_MD_cricova,Cricova,cultural_symbol_or_place,cultural_symbol_or_place,,,Cricova,,curated fallback seed for balanced CIS coverage,,Moldova,Moldova,Q217,curated_country_category_seed,,0,curated_seed,cultural,curated_seed,manual_seed_catalog,,False,Крикова,manual_mapping_v1,False,Крикова,,,False,,
aist_cis_cultural_symbol_or_place_manual_MD_capriana_monastery,Căpriana monastery,cultural_symbol_or_place,cultural_symbol_or_place,,,Căpriana monastery,,curated fallback seed for balanced CIS coverage,,Moldova,Moldova,Q217,curated_country_category_seed,,0,curated_seed,cultural,curated_seed,manual_seed_catalog,,False,монастырь Каприяна,manual_mapping_v1,False,монастырь Каприяна,,,False,,
aist_cis_cultural_symbol_or_place_manual_MD_gagauz_culture,Gagauz culture,cultural_symbol_or_place,cultural_symbol_or_place,,,Gagauz culture,,curated fallback seed for balanced CIS coverage,,Moldova,Moldova,Q217,curated_country_category_seed,,0,curated_seed,cultural,curated_seed,manual_seed_catalog,,False,гагаузская культура,manual_mapping_v1,False,гагаузская культура,,,False,,
aist_cis_cultural_symbol_or_place_manual_MD_milestii_mici,Mileștii Mici,cultural_symbol_or_place,cultural_symbol_or_place,,,Mileștii Mici,,curated fallback seed for balanced CIS coverage,,Moldova,Moldova,Q217,curated_country_category_seed,,0,curated_seed,cultural,curated_seed,manual_seed_catalog,,False,Милештий Мичь,manual_mapping_v1,False,Милештий Мичь,,,False,,
aist_cis_social_group_Q49542,Russians,social_group,social_group,Q49542,https://www.wikidata.org/wiki/Q49542,Russians,русские,East Slavic ethnic group native to Russia,"восточнославянский народ, самый многочисленный в России и Европе",Russia,Russia,Q159,country,,134,very_high,social,local_validated,wikidata,Q49542,False,русские,manual_mapping_v1,False,русские,,,False,,
aist_cis_social_group_Q31230,Chechens,social_group,social_group,Q31230,https://www.wikidata.org/wiki/Q31230,Chechens,чеченцы,Northeast Caucasian ethnic group,"автохтонный народ Кавказа, исторически проживающий на территории Чеченской Республики, Ингушетии и Дагестана",Russia,Russia,Q159,country,,91,high,social,local_validated,wikidata,Q31230,False,чеченцы,manual_mapping_v1,False,чеченцы,,,False,,
aist_cis_social_group_manual_RU_armenian_diaspora_in_russia,Armenian diaspora in Russia,social_group,social_group,,,Armenian diaspora in Russia,,curated fallback seed for balanced CIS coverage,,Russia,Russia,Q159,manual_social_group_residence_country,,0,curated_seed,social,curated_seed,manual_seed_catalog,,False,армянская диаспора в России,manual_mapping_v1,False,армянская диаспора в России,,,False,,
aist_cis_social_group_manual_RU_azerbaijani_diaspora_in_russia,Azerbaijani diaspora in Russia,social_group,social_group,,,Azerbaijani diaspora in Russia,,curated fallback seed for balanced CIS coverage,,Russia,Russia,Q159,manual_social_group_residence_country,,0,curated_seed,social,curated_seed,manual_seed_catalog,,False,азербайджанская диаспора в России,manual_mapping_v1,False,азербайджанская диаспора в России,,,False,,
aist_cis_social_group_manual_RU_bashkirs,Bashkirs,social_group,social_group,,,Bashkirs,,curated fallback seed for balanced CIS coverage,,Russia,Russia,Q159,curated_country_category_seed,,0,curated_seed,social,curated_seed,manual_seed_catalog,,False,башкиры,manual_mapping_v1,False,башкиры,,,False,,
aist_cis_social_group_manual_RU_belarusian_diaspora_in_russia,Belarusian diaspora in Russia,social_group,social_group,,,Belarusian diaspora in Russia,,curated fallback seed for balanced CIS coverage,,Russia,Russia,Q159,manual_social_group_residence_country,,0,curated_seed,social,curated_seed,manual_seed_catalog,,False,белорусская диаспора в России,manual_mapping_v1,False,белорусская диаспора в России,,,False,,
aist_cis_social_group_manual_RU_chuvash_people,Chuvash people,social_group,social_group,,,Chuvash people,,curated fallback seed for balanced CIS coverage,,Russia,Russia,Q159,curated_country_category_seed,,0,curated_seed,social,curated_seed,manual_seed_catalog,,False,чуваши,manual_mapping_v1,False,чуваши,,,False,,
aist_cis_social_group_Q117458,Crimean Tatars,social_group,social_group,Q117458,https://www.wikidata.org/wiki/Q117458,Crimean Tatars,крымские татары,"Turkic ethnic group, an indigenous people of Crimea","восточноевропейский тюркский народ, один из титульных народов Крыма",Ukraine,Ukraine,Q212,text_country_context,,90,high,social,local_validated,wikidata,Q117458,False,крымские татары,manual_mapping_v1,False,крымские татары,,,False,,
aist_cis_social_group_manual_UA_gagauz_people_in_ukraine,Gagauz people in Ukraine,social_group,social_group,,,Gagauz people in Ukraine,,curated fallback seed for balanced CIS coverage,,Ukraine,Ukraine,Q212,curated_country_category_seed,,0,curated_seed,social,curated_seed,manual_seed_catalog,,False,гагаузы в Украине,manual_mapping_v1,False,гагаузы в Украине,,,False,,
aist_cis_social_group_manual_UA_hungarians_in_ukraine,Hungarians in Ukraine,social_group,social_group,,,Hungarians in Ukraine,,curated fallback seed for balanced CIS coverage,,Ukraine,Ukraine,Q212,curated_country_category_seed,,0,curated_seed,social,curated_seed,manual_seed_catalog,,False,венгры в Украине,manual_mapping_v1,False,венгры в Украине,,,False,,
aist_cis_social_group_manual_UA_jews_in_ukraine,Jews in Ukraine,social_group,social_group,,,Jews in Ukraine,,curated manual preprocessing seed for balanced social group coverage,,Ukraine,Ukraine,Q212,manual_preprocessing_social_seed,,0,curated_seed,social,curated_seed,manual_preprocessing_seed,,False,евреи в Украине,manual_mapping_v1,False,евреи в Украине,,,False,,
aist_cis_social_group_manual_UA_romanians_in_ukraine,Romanians in Ukraine,social_group,social_group,,,Romanians in Ukraine,,curated fallback seed for balanced CIS coverage,,Ukraine,Ukraine,Q212,curated_country_category_seed,,0,curated_seed,social,curated_seed,manual_seed_catalog,,False,румыны в Украине,manual_mapping_v1,False,румыны в Украине,,,False,,
aist_cis_social_group_manual_UA_russians_in_ukraine,Russians in Ukraine,social_group,social_group,,,Russians in Ukraine,,curated fallback seed for balanced CIS coverage,,Ukraine,Ukraine,Q212,curated_country_category_seed,,0,curated_seed,social,curated_seed,manual_seed_catalog,,False,русские в Украине,manual_mapping_v1,False,русские в Украине,,,False,,
aist_cis_social_group_manual_UA_ukrainians_in_ukraine,Ukrainians in Ukraine,social_group,social_group,,,Ukrainians in Ukraine,,curated fallback seed for balanced CIS coverage,,Ukraine,Ukraine,Q212,curated_country_category_seed;manual_country_qualified_name,,0,curated_seed,social,curated_seed,manual_seed_catalog,,False,украинцы в Украине,manual_mapping_v1,False,украинцы в Украине,,,False,,
aist_cis_social_group_Q276315,Karakalpaks,social_group,social_group,Q276315,https://www.wikidata.org/wiki/Q276315,Karakalpaks,Каракалпаки,ethnic group,"тюркоязычный народ, в основном проживающий в Республике Каракалпакстан, Узбекистан",Uzbekistan,Uzbekistan,Q265,country,,56,high,social,local_validated,wikidata,Q276315,False,каракалпаки,manual_mapping_v1,False,каракалпаки,,,False,,
aist_cis_social_group_manual_UZ_kazakhs_in_uzbekistan,Kazakhs in Uzbekistan,social_group,social_group,,,Kazakhs in Uzbekistan,,curated fallback seed for balanced CIS coverage,,Uzbekistan,Uzbekistan,Q265,curated_country_category_seed,,0,curated_seed,social,curated_seed,manual_seed_catalog,,False,казахи в Узбекистане,manual_mapping_v1,False,казахи в Узбекистане,,,False,,
aist_cis_social_group_manual_UZ_koreans_in_uzbekistan,Koreans in Uzbekistan,social_group,social_group,,,Koreans in Uzbekistan,,curated fallback seed for balanced CIS coverage,,Uzbekistan,Uzbekistan,Q265,curated_country_category_seed,,0,curated_seed,social,curated_seed,manual_seed_catalog,,False,корейцы в Узбекистане,manual_mapping_v1,False,корейцы в Узбекистане,,,False,,
aist_cis_social_group_manual_UZ_kyrgyz_in_uzbekistan,Kyrgyz in Uzbekistan,social_group,social_group,,,Kyrgyz in Uzbekistan,,curated manual preprocessing seed for balanced social group coverage,,Uzbekistan,Uzbekistan,Q265,manual_preprocessing_social_seed,,0,curated_seed,social,curated_seed,manual_preprocessing_seed,,False,киргизы в Узбекистане,manual_mapping_v1,False,киргизы в Узбекистане,,,False,,
aist_cis_social_group_manual_UZ_russians_in_uzbekistan,Russians in Uzbekistan,social_group,social_group,,,Russians in Uzbekistan,,curated fallback seed for balanced CIS coverage,,Uzbekistan,Uzbekistan,Q265,curated_country_category_seed,,0,curated_seed,social,curated_seed,manual_seed_catalog,,False,русские в Узбекистане,manual_mapping_v1,False,русские в Узбекистане,,,False,,
aist_cis_social_group_manual_UZ_tajiks_in_uzbekistan,Tajiks in Uzbekistan,social_group,social_group,,,Tajiks in Uzbekistan,,curated fallback seed for balanced CIS coverage,,Uzbekistan,Uzbekistan,Q265,curated_country_category_seed,,0,curated_seed,social,curated_seed,manual_seed_catalog,,False,таджики в Узбекистане,manual_mapping_v1,False,таджики в Узбекистане,,,False,,
aist_cis_social_group_manual_UZ_uzbeks_in_uzbekistan,Uzbeks in Uzbekistan,social_group,social_group,,,Uzbeks in Uzbekistan,,curated manual preprocessing seed for balanced social group coverage,,Uzbekistan,Uzbekistan,Q265,manual_preprocessing_social_seed,,0,curated_seed,social,curated_seed,manual_preprocessing_seed,,False,узбеки в Узбекистане,manual_mapping_v1,False,узбеки в Узбекистане,,,False,,
aist_cis_social_group_manual_KZ_kazakhs_in_kazakhstan,Kazakhs in Kazakhstan,social_group,social_group,Q80040,https://www.wikidata.org/wiki/Q80040,Kazakhs in Kazakhstan,казахи,Turkic people of Eastern Europe and the northern parts of Central Asia,"тюркский народ, коренное население Казахстана",Kazakhstan,Kazakhstan,Q232,country;manual_country_qualified_name,,112,very_high,social,wikidata_validated,wikidata,Q80040,False,казахи в Казахстане,manual_mapping_v1,False,казахи в Казахстане,,,False,,
aist_cis_social_group_manual_KZ_kazakhstanis,Kazakhstanis,social_group,social_group,,,Kazakhstanis,,curated fallback seed for balanced CIS coverage,,Kazakhstan,Kazakhstan,Q232,curated_country_category_seed,,0,curated_seed,social,curated_seed,manual_seed_catalog,,False,казахстанцы,manual_mapping_v1,False,казахстанцы,,,False,,
aist_cis_social_group_manual_KZ_koreans_in_kazakhstan,Koreans in Kazakhstan,social_group,social_group,,,Koreans in Kazakhstan,,curated fallback seed for balanced CIS coverage,,Kazakhstan,Kazakhstan,Q232,curated_country_category_seed,,0,curated_seed,social,curated_seed,manual_seed_catalog,,False,корейцы в Казахстане,manual_mapping_v1,False,корейцы в Казахстане,,,False,,
aist_cis_social_group_manual_KZ_kyrgyz_diaspora_in_kazakhstan,Kyrgyz diaspora in Kazakhstan,social_group,social_group,,,Kyrgyz diaspora in Kazakhstan,,curated fallback seed for balanced CIS coverage,,Kazakhstan,Kazakhstan,Q232,manual_social_group_residence_country,,0,curated_seed,social,curated_seed,manual_seed_catalog,,False,киргизская диаспора в Казахстане,manual_mapping_v1,False,киргизская диаспора в Казахстане,,,False,,
aist_cis_social_group_manual_KZ_russians_in_kazakhstan,Russians in Kazakhstan,social_group,social_group,,,Russians in Kazakhstan,,curated fallback seed for balanced CIS coverage,,Kazakhstan,Kazakhstan,Q232,curated_country_category_seed,,0,curated_seed,social,curated_seed,manual_seed_catalog,,False,русские в Казахстане,manual_mapping_v1,False,русские в Казахстане,,,False,,
aist_cis_social_group_manual_KZ_uyghurs_in_kazakhstan,Uyghurs in Kazakhstan,social_group,social_group,,,Uyghurs in Kazakhstan,,curated fallback seed for balanced CIS coverage,,Kazakhstan,Kazakhstan,Q232,curated_country_category_seed,,0,curated_seed,social,curated_seed,manual_seed_catalog,,False,уйгуры в Казахстане,manual_mapping_v1,False,уйгуры в Казахстане,,,False,,
aist_cis_social_group_manual_KZ_uzbeks_in_kazakhstan,Uzbeks in Kazakhstan,social_group,social_group,,,Uzbeks in Kazakhstan,,curated fallback seed for balanced CIS coverage,,Kazakhstan,Kazakhstan,Q232,curated_country_category_seed,,0,curated_seed,social,curated_seed,manual_seed_catalog,,False,узбеки в Казахстане,manual_mapping_v1,False,узбеки в Казахстане,,,False,,
aist_cis_social_group_Q482942,Azerbaijanis,social_group,social_group,Q482942,https://www.wikidata.org/wiki/Q482942,Azerbaijanis,азербайджанцы,"Turkic people, constituting the bulk of the population living in Azerbaijan, as well as in northwestern Iran","тюркский народ, составляющие основную часть населения, проживающего в Азербайджане, а также на северо-западе Ирана",Azerbaijan,Azerbaijan,Q227,country,,123,very_high,social,local_validated,wikidata,Q482942,False,азербайджанцы,manual_mapping_v1,False,азербайджанцы,,,False,,
aist_cis_social_group_manual_AZ_lezgins_in_azerbaijan,Lezgins in Azerbaijan,social_group,social_group,Q1129737,https://www.wikidata.org/wiki/Q1129737,Lezgins in Azerbaijan,лезгины,Caucasian ethnic group in Azerbaijan and Dagestan (Russia),"автохтонный народ Кавказа, исторически проживающий на территории Республики Дагестан и Азербайджан",Azerbaijan,Azerbaijan,Q227,text_country_context;manual_social_group_country_qualified,,67,high,social,local_validated,wikidata,Q1129737,False,лезгины в Азербайджане,manual_mapping_v1,False,лезгины в Азербайджане,,,False,,
aist_cis_social_group_Q10290517,Talysh people,social_group,social_group,Q10290517,https://www.wikidata.org/wiki/Q10290517,Talysh people,талыши,Iranian ethnic group,"народ, проживающий в Азербайджане и в Иране",Azerbaijan,Azerbaijan,Q227,country,,53,high,social,local_validated,wikidata,Q10290517,False,талыши,manual_mapping_v1,False,талыши,,,False,,
aist_cis_social_group_manual_AZ_avars_in_azerbaijan,Avars in Azerbaijan,social_group,social_group,,,Avars in Azerbaijan,,curated fallback seed for balanced CIS coverage,,Azerbaijan,Azerbaijan,Q227,curated_country_category_seed,,0,curated_seed,social,curated_seed,manual_seed_catalog,,False,аварцы в Азербайджане,manual_mapping_v1,False,аварцы в Азербайджане,,,False,,
aist_cis_social_group_manual_AZ_kurds_in_azerbaijan,Kurds in Azerbaijan,social_group,social_group,,,Kurds in Azerbaijan,,curated manual preprocessing seed for balanced social group coverage,,Azerbaijan,Azerbaijan,Q227,manual_preprocessing_social_seed,,0,curated_seed,social,curated_seed,manual_preprocessing_seed,,False,курды в Азербайджане,manual_mapping_v1,False,курды в Азербайджане,,,False,,
aist_cis_social_group_manual_AZ_mountain_jews,Mountain Jews,social_group,social_group,,,Mountain Jews,,curated fallback seed for balanced CIS coverage,,Azerbaijan,Azerbaijan,Q227,curated_country_category_seed,,0,curated_seed,social,curated_seed,manual_seed_catalog,,False,горские евреи,manual_mapping_v1,False,горские евреи,,,False,,
aist_cis_social_group_manual_AZ_udis,Udis,social_group,social_group,,,Udis,,curated fallback seed for balanced CIS coverage,,Azerbaijan,Azerbaijan,Q227,curated_country_category_seed,,0,curated_seed,social,curated_seed,manual_seed_catalog,,False,удины,manual_mapping_v1,False,удины,,,False,,
aist_cis_social_group_manual_TJ_tajiks_in_tajikistan,Tajiks in Tajikistan,social_group,social_group,Q483505,https://www.wikidata.org/wiki/Q483505,Tajiks in Tajikistan,таджики,"Iranian ethnic group native to Afghanistan, Tajikistan and Iran","иранская этническая группа, родом из Центральной Азии",Tajikistan,Tajikistan,Q863,text_country_context;manual_country_qualified_name,,90,high,social,local_validated,wikidata,Q483505,False,таджики в Таджикистане,manual_mapping_v1,False,таджики в Таджикистане,,,False,,
aist_cis_social_group_manual_TJ_ismailis_in_tajikistan,Ismailis in Tajikistan,social_group,social_group,,,Ismailis in Tajikistan,,curated manual preprocessing seed for balanced social group coverage,,Tajikistan,Tajikistan,Q863,manual_preprocessing_social_seed,,0,curated_seed,social,curated_seed,manual_preprocessing_seed,,False,исмаилиты в Таджикистане,manual_mapping_v1,False,исмаилиты в Таджикистане,,,False,,
aist_cis_social_group_manual_TJ_kyrgyz_in_tajikistan,Kyrgyz in Tajikistan,social_group,social_group,,,Kyrgyz in Tajikistan,,curated fallback seed for balanced CIS coverage,,Tajikistan,Tajikistan,Q863,curated_country_category_seed,,0,curated_seed,social,curated_seed,manual_seed_catalog,,False,киргизы в Таджикистане,manual_mapping_v1,False,киргизы в Таджикистане,,,False,,
aist_cis_social_group_manual_TJ_pamiris,Pamiris,social_group,social_group,,,Pamiris,,curated fallback seed for balanced CIS coverage,,Tajikistan,Tajikistan,Q863,curated_country_category_seed,,0,curated_seed,social,curated_seed,manual_seed_catalog,,False,памирцы,manual_mapping_v1,False,памирцы,,,False,,
aist_cis_social_group_manual_TJ_russians_in_tajikistan,Russians in Tajikistan,social_group,social_group,,,Russians in Tajikistan,,curated fallback seed for balanced CIS coverage,,Tajikistan,Tajikistan,Q863,curated_country_category_seed,,0,curated_seed,social,curated_seed,manual_seed_catalog,,False,русские в Таджикистане,manual_mapping_v1,False,русские в Таджикистане,,,False,,
aist_cis_social_group_manual_TJ_uzbeks_in_tajikistan,Uzbeks in Tajikistan,social_group,social_group,,,Uzbeks in Tajikistan,,curated fallback seed for balanced CIS coverage,,Tajikistan,Tajikistan,Q863,curated_country_category_seed,,0,curated_seed,social,curated_seed,manual_seed_catalog,,False,узбеки в Таджикистане,manual_mapping_v1,False,узбеки в Таджикистане,,,False,,
aist_cis_social_group_manual_TJ_yaghnobi_people,Yaghnobi people,social_group,social_group,,,Yaghnobi people,,curated fallback seed for balanced CIS coverage,,Tajikistan,Tajikistan,Q863,curated_country_category_seed,,0,curated_seed,social,curated_seed,manual_seed_catalog,,False,ягнобцы,manual_mapping_v1,False,ягнобцы,,,False,,
aist_cis_social_group_manual_BY_belarusians,Belarusians,social_group,social_group,,,Belarusians,,curated fallback seed for balanced CIS coverage,,Belarus,Belarus,Q184,curated_country_category_seed,,0,curated_seed,social,curated_seed,manual_seed_catalog,,False,белорусы,manual_mapping_v1,False,белорусы,,,False,,
aist_cis_social_group_manual_BY_jews_in_belarus,Jews in Belarus,social_group,social_group,,,Jews in Belarus,,curated fallback seed for balanced CIS coverage,,Belarus,Belarus,Q184,curated_country_category_seed,,0,curated_seed,social,curated_seed,manual_seed_catalog,,False,евреи в Беларуси,manual_mapping_v1,False,евреи в Беларуси,,,False,,
aist_cis_social_group_manual_BY_lithuanians_in_belarus,Lithuanians in Belarus,social_group,social_group,,,Lithuanians in Belarus,,curated fallback seed for balanced CIS coverage,,Belarus,Belarus,Q184,curated_country_category_seed,,0,curated_seed,social,curated_seed,manual_seed_catalog,,False,литовцы в Беларуси,manual_mapping_v1,False,литовцы в Беларуси,,,False,,
aist_cis_social_group_manual_BY_poles_in_belarus,Poles in Belarus,social_group,social_group,,,Poles in Belarus,,curated fallback seed for balanced CIS coverage,,Belarus,Belarus,Q184,curated_country_category_seed,,0,curated_seed,social,curated_seed,manual_seed_catalog,,False,поляки в Беларуси,manual_mapping_v1,False,поляки в Беларуси,,,False,,
aist_cis_social_group_manual_BY_poleshuks,Poleshuks,social_group,social_group,,,Poleshuks,,curated fallback seed for balanced CIS coverage,,Belarus,Belarus,Q184,curated_country_category_seed,,0,curated_seed,social,curated_seed,manual_seed_catalog,,False,полещуки,manual_mapping_v1,False,полещуки,,,False,,
aist_cis_social_group_manual_BY_russians_in_belarus,Russians in Belarus,social_group,social_group,,,Russians in Belarus,,curated fallback seed for balanced CIS coverage,,Belarus,Belarus,Q184,curated_country_category_seed,,0,curated_seed,social,curated_seed,manual_seed_catalog,,False,русские в Беларуси,manual_mapping_v1,False,русские в Беларуси,,,False,,
aist_cis_social_group_manual_KG_dungan_people_in_kyrgyzstan,Dungan people in Kyrgyzstan,social_group,social_group,,,Dungan people in Kyrgyzstan,,curated fallback seed for balanced CIS coverage,,Kyrgyzstan,Kyrgyzstan,Q813,curated_country_category_seed;manual_social_group_country_qualified,,0,curated_seed,social,curated_seed,manual_seed_catalog,,False,дунгане в Кыргызстане,manual_mapping_v1,False,дунгане в Кыргызстане,,,False,,
aist_cis_social_group_manual_KG_kyrgyz_people_in_kyrgyzstan,Kyrgyz people in Kyrgyzstan,social_group,social_group,,,Kyrgyz people in Kyrgyzstan,,curated fallback seed for balanced CIS coverage,,Kyrgyzstan,Kyrgyzstan,Q813,curated_country_category_seed;manual_country_qualified_name,,0,curated_seed,social,curated_seed,manual_seed_catalog,,False,киргизы в Кыргызстане,manual_mapping_v1,False,киргизы в Кыргызстане,,,False,,
aist_cis_social_group_manual_KG_kyrgyz_tribes,Kyrgyz tribes,social_group,social_group,,,Kyrgyz tribes,,curated fallback seed for balanced CIS coverage,,Kyrgyzstan,Kyrgyzstan,Q813,curated_country_category_seed,,0,curated_seed,social,curated_seed,manual_seed_catalog,,False,киргизские племена,manual_mapping_v1,False,киргизские племена,,,False,,
aist_cis_social_group_manual_KG_russians_in_kyrgyzstan,Russians in Kyrgyzstan,social_group,social_group,,,Russians in Kyrgyzstan,,curated fallback seed for balanced CIS coverage,,Kyrgyzstan,Kyrgyzstan,Q813,curated_country_category_seed,,0,curated_seed,social,curated_seed,manual_seed_catalog,,False,русские в Кыргызстане,manual_mapping_v1,False,русские в Кыргызстане,,,False,,
aist_cis_social_group_manual_KG_uyghurs_in_kyrgyzstan,Uyghurs in Kyrgyzstan,social_group,social_group,,,Uyghurs in Kyrgyzstan,,curated fallback seed for balanced CIS coverage,,Kyrgyzstan,Kyrgyzstan,Q813,curated_country_category_seed,,0,curated_seed,social,curated_seed,manual_seed_catalog,,False,уйгуры в Кыргызстане,manual_mapping_v1,False,уйгуры в Кыргызстане,,,False,,
aist_cis_social_group_manual_KG_uzbeks_in_kyrgyzstan,Uzbeks in Kyrgyzstan,social_group,social_group,,,Uzbeks in Kyrgyzstan,,curated fallback seed for balanced CIS coverage,,Kyrgyzstan,Kyrgyzstan,Q813,curated_country_category_seed,,0,curated_seed,social,curated_seed,manual_seed_catalog,,False,узбеки в Кыргызстане,manual_mapping_v1,False,узбеки в Кыргызстане,,,False,,
aist_cis_social_group_manual_TM_turkmens_in_turkmenistan,Turkmens in Turkmenistan,social_group,social_group,Q484472,https://www.wikidata.org/wiki/Q484472,Turkmens in Turkmenistan,туркмены,"Turkic ethnic group native to Central Asia, living mainly in Turkmenistan, northern and northeastern regions of Iran and Afghanistan","тюркский народ, основное население Туркменистана",Turkmenistan,Turkmenistan,Q874,country;manual_country_qualified_name,,81,high,social,local_validated,wikidata,Q484472,False,туркмены в Туркменистане,manual_mapping_v1,False,туркмены в Туркменистане,,,False,,
aist_cis_social_group_manual_TM_baloch_people_in_turkmenistan,Baloch people in Turkmenistan,social_group,social_group,,,Baloch people in Turkmenistan,,curated fallback seed for balanced CIS coverage,,Turkmenistan,Turkmenistan,Q874,curated_country_category_seed,,0,curated_seed,social,curated_seed,manual_seed_catalog,,False,белуджи в Туркменистане,manual_mapping_v1,False,белуджи в Туркменистане,,,False,,
aist_cis_social_group_manual_TM_kazakhs_in_turkmenistan,Kazakhs in Turkmenistan,social_group,social_group,,,Kazakhs in Turkmenistan,,curated fallback seed for balanced CIS coverage,,Turkmenistan,Turkmenistan,Q874,curated_country_category_seed,,0,curated_seed,social,curated_seed,manual_seed_catalog,,False,казахи в Туркменистане,manual_mapping_v1,False,казахи в Туркменистане,,,False,,
aist_cis_social_group_manual_TM_russians_in_turkmenistan,Russians in Turkmenistan,social_group,social_group,,,Russians in Turkmenistan,,curated fallback seed for balanced CIS coverage,,Turkmenistan,Turkmenistan,Q874,curated_country_category_seed,,0,curated_seed,social,curated_seed,manual_seed_catalog,,False,русские в Туркменистане,manual_mapping_v1,False,русские в Туркменистане,,,False,,
aist_cis_social_group_manual_TM_turkmen_tribes,Turkmen tribes,social_group,social_group,,,Turkmen tribes,,curated fallback seed for balanced CIS coverage,,Turkmenistan,Turkmenistan,Q874,curated_country_category_seed,,0,curated_seed,social,curated_seed,manual_seed_catalog,,False,туркменские племена,manual_mapping_v1,False,туркменские племена,,,False,,
aist_cis_social_group_manual_TM_uzbeks_in_turkmenistan,Uzbeks in Turkmenistan,social_group,social_group,,,Uzbeks in Turkmenistan,,curated fallback seed for balanced CIS coverage,,Turkmenistan,Turkmenistan,Q874,curated_country_category_seed,,0,curated_seed,social,curated_seed,manual_seed_catalog,,False,узбеки в Туркменистане,manual_mapping_v1,False,узбеки в Туркменистане,,,False,,
aist_cis_social_group_Q106974,Ossetians,social_group,social_group,Q106974,https://www.wikidata.org/wiki/Q106974,Ossetians,осетины,Caucasian ethnic group,"ираноязычный народ Кавказа, основное население Северной и Южной Осетии",Georgia,Georgia,Q230,text_country_context,,76,high,social,local_validated,wikidata,Q106974,False,осетины,manual_mapping_v1,False,осетины,,,False,,
aist_cis_social_group_Q171795,Abkhazians,social_group,social_group,Q171795,https://www.wikidata.org/wiki/Q171795,Abkhazians,абхазы,Northwest Caucasian ethnic subgroup of Georgia indigenous to Abkhazia,"абхазо-адыгский народ, основное население Грузия",Georgia,Georgia,Q230,country,,71,high,social,local_validated,wikidata,Q171795,False,абхазы,manual_mapping_v1,False,абхазы,,,False,,
aist_cis_social_group_manual_GE_adjarians,Adjarians,social_group,social_group,,,Adjarians,,curated fallback seed for balanced CIS coverage,,Georgia,Georgia,Q230,curated_country_category_seed,,0,curated_seed,social,curated_seed,manual_seed_catalog,,False,аджарцы,manual_mapping_v1,False,аджарцы,,,False,,
aist_cis_social_group_manual_GE_armenians_in_georgia,Armenians in Georgia,social_group,social_group,,,Armenians in Georgia,,curated fallback seed for balanced CIS coverage,,Georgia,Georgia,Q230,curated_country_category_seed,,0,curated_seed,social,curated_seed,manual_seed_catalog,,False,армяне в Грузии,manual_mapping_v1,False,армяне в Грузии,,,False,,
aist_cis_social_group_manual_GE_azerbaijanis_in_georgia,Azerbaijanis in Georgia,social_group,social_group,,,Azerbaijanis in Georgia,,curated fallback seed for balanced CIS coverage,,Georgia,Georgia,Q230,curated_country_category_seed,,0,curated_seed,social,curated_seed,manual_seed_catalog,,False,азербайджанцы в Грузии,manual_mapping_v1,False,азербайджанцы в Грузии,,,False,,
aist_cis_social_group_manual_GE_georgians,Georgians,social_group,social_group,,,Georgians,,curated fallback seed for balanced CIS coverage,,Georgia,Georgia,Q230,curated_country_category_seed,,0,curated_seed,social,curated_seed,manual_seed_catalog,,False,грузины,manual_mapping_v1,False,грузины,,,False,,
aist_cis_social_group_Q79797,Armenians,social_group,social_group,Q79797,https://www.wikidata.org/wiki/Q79797,Armenians,армяне,ethnic group native to the Armenian Highlands,"индоевропейский народ, коренное население Армянского нагорья",Armenia,Armenia,Q399,country,,117,very_high,social,local_validated,wikidata,Q79797,False,армяне,manual_mapping_v1,False,армяне,,,False,,
aist_cis_social_group_manual_AM_assyrians_in_armenia,Assyrians in Armenia,social_group,social_group,,,Assyrians in Armenia,,curated fallback seed for balanced CIS coverage,,Armenia,Armenia,Q399,curated_country_category_seed,,0,curated_seed,social,curated_seed,manual_seed_catalog,,False,ассирийцы в Армении,manual_mapping_v1,False,ассирийцы в Армении,,,False,,
aist_cis_social_group_manual_AM_hemshin_people,Hemshin people,social_group,social_group,,,Hemshin people,,curated fallback seed for balanced CIS coverage,,Armenia,Armenia,Q399,curated_country_category_seed,,0,curated_seed,social,curated_seed,manual_seed_catalog,,False,хемшилы,manual_mapping_v1,False,хемшилы,,,False,,
aist_cis_social_group_manual_AM_molokans_in_armenia,Molokans in Armenia,social_group,social_group,,,Molokans in Armenia,,curated fallback seed for balanced CIS coverage,,Armenia,Armenia,Q399,curated_country_category_seed,,0,curated_seed,social,curated_seed,manual_seed_catalog,,False,молокане в Армении,manual_mapping_v1,False,молокане в Армении,,,False,,
aist_cis_social_group_manual_AM_russians_in_armenia,Russians in Armenia,social_group,social_group,,,Russians in Armenia,,curated manual preprocessing seed for balanced social group coverage,,Armenia,Armenia,Q399,manual_preprocessing_social_seed,,0,curated_seed,social,curated_seed,manual_preprocessing_seed,,False,русские в Армении,manual_mapping_v1,False,русские в Армении,,,False,,
aist_cis_social_group_manual_AM_yazidis_in_armenia,Yazidis in Armenia,social_group,social_group,,,Yazidis in Armenia,,curated fallback seed for balanced CIS coverage,,Armenia,Armenia,Q399,curated_country_category_seed,,0,curated_seed,social,curated_seed,manual_seed_catalog,,False,езиды в Армении,manual_mapping_v1,False,езиды в Армении,,,False,,
aist_cis_social_group_Q487796,Moldovans,social_group,social_group,Q487796,https://www.wikidata.org/wiki/Q487796,Moldovans,молдаване,ethnic group,романоязычный народ,Moldova,Moldova,Q217,country,,58,high,social,local_validated,wikidata,Q487796,False,молдаване,manual_mapping_v1,False,молдаване,,,False,,
aist_cis_social_group_manual_MD_bulgarians_in_moldova,Bulgarians in Moldova,social_group,social_group,,,Bulgarians in Moldova,,curated fallback seed for balanced CIS coverage,,Moldova,Moldova,Q217,curated_country_category_seed,,0,curated_seed,social,curated_seed,manual_seed_catalog,,False,болгары в Молдове,manual_mapping_v1,False,болгары в Молдове,,,False,,
aist_cis_social_group_manual_MD_gagauz_people_in_moldova,Gagauz people in Moldova,social_group,social_group,,,Gagauz people in Moldova,,curated fallback seed for balanced CIS coverage,,Moldova,Moldova,Q217,curated_country_category_seed;manual_country_qualified_name,,0,curated_seed,social,curated_seed,manual_seed_catalog,,False,гагаузы в Молдове,manual_mapping_v1,False,гагаузы в Молдове,,,False,,
aist_cis_social_group_manual_MD_roma_in_moldova,Roma in Moldova,social_group,social_group,,,Roma in Moldova,,curated fallback seed for balanced CIS coverage,,Moldova,Moldova,Q217,curated_country_category_seed,,0,curated_seed,social,curated_seed,manual_seed_catalog,,False,ромы в Молдове,manual_mapping_v1,False,ромы в Молдове,,,False,,
aist_cis_social_group_manual_MD_russians_in_moldova,Russians in Moldova,social_group,social_group,,,Russians in Moldova,,curated fallback seed for balanced CIS coverage,,Moldova,Moldova,Q217,curated_country_category_seed,,0,curated_seed,social,curated_seed,manual_seed_catalog,,False,русские в Молдове,manual_mapping_v1,False,русские в Молдове,,,False,,
aist_cis_social_group_manual_MD_ukrainians_in_moldova,Ukrainians in Moldova,social_group,social_group,,,Ukrainians in Moldova,,curated fallback seed for balanced CIS coverage,,Moldova,Moldova,Q217,curated_country_category_seed,,0,curated_seed,social,curated_seed,manual_seed_catalog,,False,украинцы в Молдове,manual_mapping_v1,False,украинцы в Молдове,,,False,,
